summonerId,puuid,leaguePoints,rank,wins,losses,veteran,inactive,freshBlood,hotStreak
DRCsGeFZEUzTrdXmeTdb7xSrLIw5yjWrhqJkeSz5Fbf11NUznjevEsR_iQ,3lC50L_gd6CVl20jk-lMDoNwUxir-g1BSRlB87Er6BtTwju1_ZW1M87MbXCnPImxoWuyJXgxOIxSJA,1979,I,135,71,True,False,False,True
I5ra-b5xesO9YYtcz84jCyEmUdqPEzb1-F_xmCGJfoLLzdRKkRlBZKhPnQ,xjDqMFa9MyTlGkWJQFubB1uuu4f7ufS4hBRWHxoWRDQQsESYSG2H_UPpL86oqJw8Rx4gJYMhdpJmVQ,1971,I,211,152,True,False,False,False
MBBp5GYgGWtCWE_zF-h7n3w8QV-ZGMc18_9fC3G93BrmDG8,sBN1uMEQ9nLHvHGiw-pFO6nozjH0NLqMezupKIiBhgaJmiSx5DLOYC_mMq7cBvvZ-yzbIAWUZCFmOQ,1940,I,207,144,True,False,False,False
HGa79_O3y_bJ2mRUVc6g_Eh1noi2rtAoGMaBVC0SRnifEu4,eKDeaCkvQFSJtT8htuzL-cGNox6QzExpP4MjCBUOUd5ygw0_i4hbqHxCCYT3uYg2yUvxKvpdKOKejA,1857,I,172,119,True,False,False,False
qkemhPNiEq1xsb1taZxpdyMuTmQ7AeKY31-BaNFwWMEEMqk,GzQezpiQzfnACXYD0rJbl7NlKRolUMh3_QUzlDNmuVzpFJT-3xD15qB2tOlAfT-p6c1emT3hKw7aaA,1842,I,142,89,True,False,False,False
kGznAxZRLGo3aLwZA2kbz_aID69FjNLDj3d51E2C26E8Ozu7arQWXV7iyg,KiSWQGkKTQnarOM8AkrJLFOsVxFtdkFyA2vbj4tq3lnwjxeBEQCh3fGYNlN1-EAgVg7MAgDHOs_AjA,1790,I,202,126,True,False,False,False
n-1v3yDOro1Si8EdTLLsaKRWiFaDaMscGeos1XF7uOEoV0w8,bvBl2DIaR4OcLQIAljgD7Ro7d7ydpDGpQoML1Ivdm22GC__37HTCgNwTncXAB-4-8dQ82ij_0bV1Yw,1784,I,261,182,True,False,False,False
BMQcpAaE58wN4DqsTvsywnvo5h-20t_JV-2ehYEgt6Pz_h4,Kah39JhMNdh5VNPNNbM1vtg1D0OXavfH9yT4TGhIGyHIsNGdGugZaywVUfW-BTfV4xbpGKbeONwOIg,1726,I,162,119,True,False,False,False
MXPC0O3naXR4SzsmLQc63_VnOBOjMeZIYlkVA6E5ZXttdzU,fC5BEvDZsnaZ-yVk7eJpzI1YquaUVtrDvrRTCsFFNL3uFxGueB1v28clTfqwfynla5RhZputpdltXQ,1647,I,261,212,True,False,False,False
oaF6E7uqYoBledjR6Pg91L8C8ySEqpE4OUD_hJtEaH_4JuU,_-NVOGKBMGNE39Gy3vptV2JwgmtGjqwAvyLHmDL-ULW2rZXEeborc-uFHWo7kVeLka_neNUeskvnzg,1630,I,172,123,True,False,False,False
f52GdXnG9mtouv4WTLJ6-QTgEMjPlwI0oSWzPjXQip2dwiI,2Y4eRQuqnbXwuVAiFqkMctroiy6F0MgUVGavfUgCgVGl_bFADGgatSXqoQAGU6NmPnUZJ6gv2UgSlg,1628,I,138,87,True,False,False,False
pCK2K7Y4K6DeqpHq15pQkqwVTERLjw-Z-_IQN9DccS2rBugB,jZfu93kGUDEbn9iUhbGtcCGk0heZa-cDNjnahWVXjAidKRcLzMvqVq3e69cyMWsnaXWI9n_o5O9x5w,1621,I,292,246,True,False,False,True
376hNNWbPHAsXA6Dp-1mb54-aXSqQ2sMWJ8vgF4VdVWO8do,aaqJQfLZpOHwL4aVzgfkzgQn-tG6We_l1xeWxlX6BqFkbSJ5QcwkgO0Oyy9eB0gfvicz_MQNjUeERw,1604,I,173,136,True,False,False,False
BgPIPUtUaWGGbYo2Q02cvqwWUaH266Iik5QT6Ps3Zl-Whs4,oj2LMyHfMkeLiyUE6U0Cmox-8KOW87zgyC-DP_G14lAEZ1r5cm-uY9t90S79sf36SlryrNDAtcJwHQ,1592,I,155,113,True,False,False,False
Mjx1nQKrEV1as_JTtYe_JiRYghlcinPBJHq93DN1ymuwyFg,ZgMfsA24oMohl2vqCtEIRB5gTmf45HSzL04btM6YfUu-Rd45zn-uBk4rpAQ3r6UD73QI7LUiydteAw,1589,I,155,109,True,False,False,False
Kt50cSiCfeGVITPOI6HFFoQgTd3ZrIDnoTget_1MUJAIkgg,icljPaAxCjRabvkicpbX-4tk9aTm8btDALrb9qNHFbM_Q3dovJHr-QPKvMks3EXb_DWaoCFr8MDYPQ,1586,I,181,139,True,False,False,False
_jooGQrcr9XURISSeMfAf5mq0uqtfyNGieTGzXbJSaEYNkbk,5PoPofJkhU7jy68IZq3HAofL-EV3DeI_vUgSqLjxs6buzPGV_vUQHWm0wFGgEQ2EktqzI4a0wyYFTA,1576,I,151,112,True,False,False,False
YgVwaVlfyR6WbjgRYjAR1aTcCgxMdGaMpnmAKmujcUO9r6qCs6zosHDefA,a4zGsqtu4Pxv08GM0LXAihoWXR9-MQ9UFYPDteT8-QVI1xUBtmcsoQeGcNfH-aQ9VGQPQ-SDLJ0rMQ,1551,I,148,80,False,False,False,False
-FuJX-MNvTLfdu_MAscGXtrAJsj5JEJ57xFp7u3wlX_W-9EMbJRzGNukMA,EX_lIT5_Wm2v4u6jAD8bJ4tJz6OUkoeZurMhO-IY5lGGfwpu6_qVJKBY8Mpg7ppFrolzHKh6vw56fQ,1521,I,141,96,True,False,False,False
aQ6mBHLE-CyP-47LUyDICB56IeiLjB-fptxuvnxaJzwDdho,xemLjKFuhAgFBTBWOkhv0CaxvnFYBl9AdgLkkdvO9SoRUUHbCcisSIqaZRqgpqIJusfmsOkjxu5JQg,1461,I,201,143,True,False,False,False
A3lyM9aJUc2RsVqlQm7aWDqE_tZV_26l_4hz5X3DKYESiDsj,jL1USaNIAd7r5cN4xPZ02aPi7KYZUq1RP4yDE2gny8-6Y5fvxlh8oJhyrED2Y_wikUZrmz1bZ52sMg,1459,I,122,69,False,False,False,False
MtAs5_HqzuA5mTE-0wjNgX_xepP-4f3GO1iuPN3osXbIbsw,ee5STCai5RjGaGS4sRnGljQuziBbMhLbJ8KBXTMW-uBHjPjLknDQ5idO_ZRcq6_K26x_emzfBnrDlw,1448,I,156,125,True,False,False,False
neqS7b1sd0arCktmDP-6g1wvaFvCTo5a0wNcgIjGMJe8,7BZyMjT6oH_oOrqdSTFUoglEl5TNtT_debY05lqLeAshC4QDWMBgkDnm2sE78wOY9GQS1D4E0k8aVw,1441,I,192,156,True,False,False,False
gwlUb-t605gCai8nyEkyfJE_PrCgfCOy4etqjFz4tv-SClg,0XfE-0BIKic2vl_N9AiEQ5d4IEVKS5-0Mfmyo5HtRgZyHaLxWCBoxd0dt9-drnOVmaIJxcqITlbspw,1417,I,279,235,True,False,False,False
EpskXO76aPQQF1r3JUkVG7xVaexZeC0Cm04UKx66IbWmhx3UjAAxlSBRMw,148mFojwKjXcVGD5A_pe-LjBqt5heiMGJk-44ldk_8pRrkntKuLf4kkTl-SauSx5sxg4JTLHrY62rQ,1413,I,174,101,True,False,False,False
dTwqx-oVCCudy2MbbVfLzPGbwY-zWRKnA2BuSXTQtJbXGBI,7wN_l5pvyqHSeLIQoZn8m2LqEXR0dPfWWDhBqIH6ODbcWS0MayH4JuDQ3K8DSwODSnnF63jEI1Rtbg,1408,I,263,229,True,False,False,False
0kdkn5typ9tMpAUo65nzj7nu8sXjJdwXnLWfT5u1bgeR2q457Zq-E1kPFA,JoddHAYixxEAI4-IIRaXH_VajLFv-BBqZYsTCiuYsDR9FkNLnnaKxhxaLP8MqRSvvDsagGn4kxrCEA,1393,I,125,69,False,False,False,True
Au7KQDp79YcShr7yleQLwUo59UPl8khwExDRQod3GuJUaUo,8TSmSFAqacIyN5J-kE1jEVQkNpF3d7-3ybaCM90wo-ALe2cKkPA7KXFNQMIiks2MwPObm66DLzt8Hg,1385,I,154,127,True,False,False,True
F5S1_dO5QqoXv5S6pPPteNBGEwyMDebZ_ZbUl3lFO3wCLEsSiXkdf7Pcrw,LHLjN8o2SCDYr2TNdqC1HyiczSWYcVGg9W-x68UWLbkh5F-8xKv1_2cwO92xK0QIhtYGJ0XDxK5m-Q,1359,I,231,164,False,False,False,False
-yyFuGtE2CZZmZHbOGdk6EW3givn1FJ6021XLOtuvCmkWDqRt29d3Q9QFQ,jmz9amV0Dq6sFJFS68D5u3HPfSimFALfx9i-mkJcDs2pR0YrNrvQEInOw5yxvzcv2XQviKB89PnnjQ,1348,I,262,201,True,False,False,False
nBeauz7DP435ZwEcpQRFG0T9p13GqAtgfZjrwwK66OrlaT4,AVq9yqgkP_ZLiqZSpkZcXh3zyYbve9AKkqVSa5Ft8Ginq0uVbB8Et-7oMnmOvBTlwJKo6DBu9gYPcg,1343,I,248,215,True,False,False,False
N3IKfAsZZy7_eaQ9trIENu1WbbQqo9m3MVJI6Vw_cNfItEk,GtbLBUQeY1PNCmbcQKTdcbGRRzB_asQQyyq5mpUWErJG8NQzQ110EbPkhbBiSdq5ThL7k88CfU3WiA,1343,I,135,100,True,False,False,False
9abiUUJAwvWPn9_96-X3EHfrk4o_11vIaXgQdXxjHYYBb3p9fP2EC76Urw,iyLy-CuercqQvYmErmpINR-7sscOS0lBOGJszSIfds1YCbC2PtiW5h0mDzL80Y0TimBs6hDUbVYMxQ,1336,I,125,96,True,False,False,False
VChpA3c9at_SbhTUJ65knQkyx_aZ9LLcTgsEbTK8wZom84o,awNWjb-rQ2PtA1bHX2nlVWFyuJmETOX4z4Zp2XRVwiLYGu3s6xCPa2VoSp1JyehYf2moStQrHl_Lbw,1319,I,211,182,True,False,False,True
R5QsDGo05Ef-bvj6cyKy3oIKokddDj2lhS6Bnvo-8n8Pj9o,rKaEygipeKOkYxxhC7BtngXSQC7gZpUnyZb9VbfBRbtx6rx01u9ho6PIdxfa5_i_eHu8D0HsWq3rYA,1311,I,125,72,False,False,False,False
GL7ovioR2q6VKHQsmoXazgLOJsB140AhZqBUhNuWrEsA-yhXM7PED-1gXA,krdElCOcRNf7DL3oy4nDq0BvEFPjPtn08VJNtZO2NAdYizVmc7Fjd3m_ksKAFI6dt3-pgaUABFLxVw,1300,I,127,91,True,False,False,False
UcOLu0WjlKVivD6LCwBPgqhKZFrmfh3ztGDQ26Jgc_8nmEn5,p7frBG44btq3efIKdDlrWblbpDPtE1yQ0hFhgGcVs-DC85AnkJbzT9WbswCkXnvLDhdHU2kZDGcZJQ,1290,I,139,112,True,False,False,False
JB5Xvp2WerRMdZBXes_BQdbLn_ypPhxWWl0FF_zfVA,GO-g8A2GplWo9vTiDKW7ZZMZbVu5NSZYVS7Qs6TiQQljk5My1_a7hWwuHq4hIAPufLY4VQd8nFiwHA,1281,I,225,189,True,False,False,False
ZplIf_UASZdv0vV0QZYKzoAnZbW5xwtqHsvT2KpROM1IYuy5frMEYMbk8g,D5kyD3sAbcD3RddyKJYmF3hCbOqq_94oG4mkqymW3i8onBT_NjZVlJKyT1e27E2H3-isJcLXmgg6yg,1278,I,190,156,True,False,False,False
stpKCjlZxJuzJBpwL8lU8MKO7nFvPcPeNzm8M-MelV6B1RsTXTjwYFWkFQ,FJ0gcYE-BQ2Yb30DGGITqIMFPb_q5ecd3pXndA0huTzXGFhigwE2aCBKzVOtkPx17QFoeaub0_YCAQ,1270,I,213,188,True,False,False,False
-TuQR87L12TO4dHWgUsPwAka92pTrps8ZNPUjeiHW6zhDa0,Nuf-67NgXlYpizx6vqzJm_Yf4otnDmPxkqh0Ll3KE98k7-QdLXquxTx1kXBsGQ18BNN4Pui9ZTouzw,1259,I,111,79,False,False,False,False
8pbGMcqtpHdJYxnzOq3K_k-7WpU80-DjGhp-T7I3_ioAbjTdMI5SoIdBYQ,PzG7bfiNlsP63nlcrl95wmJx0AKJWxOOW9oAGLuqgovJGNuPzZW4NQcxTa8_0ubSE2rtTxKEJZTd1Q,1255,I,157,125,True,False,False,False
v5Jnu63lnkaemedue1PbYlloLXvg3ylUmGg9OQ2HjOP6stQ,8vlleURt42r70Rp6NPAhUgvNSuwNae2saxRX_fT6_scqDcnyp6aIgl_LFEurmszPxfbwAohEJl3Y1A,1246,I,296,261,True,False,False,False
aOsS4io66U1CWg01BELlmTuPndeIDwvXPofV0oKy-CuXnvo,WRwGFlufb_Q6yzxiDpPdKoNM_ycwz4OtLwFw-ZO_D4lh0eFK2B1xmI99U-nFEZcYHL1SuDYmPzgQ7w,1246,I,111,81,False,False,False,False
83RrAqo44f8oGmpXbYiD2Gm6KJd9BooucSfFQD48I5qLC7ybFPt6qgC-lQ,Bh1pxSJoL4cC_Ab1NPRt1c0r2Uo2FG2Uxb7pbfeEgpver_Pp6Kh0S0YY-2VeEzZwUlzneXEl6mnZWQ,1226,I,276,254,True,False,False,False
ZIh5xqzF34wragx03-vgegNoz0buM-lFs5UK3iIkQIHeJ4k,Y9hP8XX9uyD_AcppqNcAl8y2rfiL6oaPODTpGGUIr7exwqSYmrA1u12_yDKQ1FMrjM4oDIT0QQPnMw,1221,I,128,104,True,False,False,False
BIJ1IeutwXWcGk1I4XYUfvl_9ekTYcjmCo-cvMY8eamVeMmelnnaQ_Oi7Q,adPkLu1eY8X3vlMyYG2_GLn0dG_yeskN_ofHUosPjiWvMEq1X7GmvVMRwaD_Kea1n0rulpToB-O5dQ,1218,I,333,252,True,False,False,False
6FxYXjEOpjSd_FN1ZORT8tGdldHIG5Aw4_n3XL1YLAptm8wSdRXn-eVbow,Oz49OznZCyisQSMTvGRo3Wc8Cwg2C1n4S5uHwR5PpYE81bGkc51FeE67787DBdZJSOwkCKR_tNXzGQ,1218,I,201,173,False,False,False,False
ZCBCZqvEOVk0xKw6RoclmG1F4FpFMiB1sqqX6Dc07H_Yt4M,wNnIFUWG9qMyIddM1ZsdKGmNy9KDVQ4j5rnat5uMtvBptmPWoSmyvs2Rv46UbLMVni13FGNEXaH-vg,1214,I,101,68,False,False,False,False
IfpX84uCs_2ARXWf7zOhpXZTl77wd-VwORiBS0-0NCLOHFuj,BYvbHfj_jNe-OcdrmjrLYljlIihRqZXMhGOF2I_86NlDqWXrh0lbSK6tOPfXD69s8tlHUEegRF485g,1213,I,225,189,False,False,False,False
CDwMpZ8TpFS8Q_3E7ueD_4wIEDCx34rh2gkyVWVp26g6SoE,Eorg2MLpg_bYwRpTBSa4FfSIrx1D8XtxVaN0dlfR7nTu_ihI5ct9WTyQi5K3g2AmIzw9RQdazyd-YQ,1210,I,192,171,True,False,False,False
4DeZoHKKEaYAkC0W5cHT18w-KhLC8fVpXDKXwSRBgGZ0L3c,F4_yLnZJnxGuEeR9alp_GjnzDvvJV7oQ__pCDG97n5CFTnEGRZf4nWDtjmaB_DemqGWrOoxsJogQrQ,1209,I,122,85,False,False,False,False
8ML5fg1xT6V_1Lt_N4E6K9mNVSiCRsHmjcLhQ-kWXAHUyBc,Q1FT_9AKKYZzWAbp-XK-2NQokgicLCcXvG30j2S50RHjgzkD2C-ap8WL0Cl3ESuq7IjSpdzCYHjs0Q,1206,I,130,90,True,False,False,True
xAe2_ZPr3kTSvK2dIbii3uSFIRdHl8eX3FTFKN6UtY2cDluD,qPOoYoa4MDKcVQMZIJjfeEdrEYla7i_Z99dVVNkrfFQbFnJNg85sG_NoP5QfzzkrHsGbgAC_fMis0w,1205,I,267,237,True,False,False,False
-SVPKDkYCRD1r_cg4Ukj1yS_O-p3qq0AoXeaOrMVipX57JQ,J5nAvRYjkQtdd3xE3R5YoMtC5fLbcmOfU0XTIvfv8fvpIZKRN15tS_QW0H-iPuRElj2ID7bDbFgyxA,1194,I,202,181,True,False,False,False
crSbnSN0MtsS9QHmtMD_QJin-0yVRfA0iOtYnBY-G9Euhl9k,6VPvkkX3niccUBtXIosePDdZ4D53M6ciRhk7JLLkDNh6ujwQYp1gMW7NNTDOc050IgqTwF0SuT7UXA,1191,I,146,116,True,False,False,False
Bfh_kJoG-2ganQCR0a2ru7EIiyolaxzg8_9DuEbncPAFyCCRg5AlZgbZ_Q,bUC_NOJYLBnPHFAtTfBjctUS1fsTcNS3zOCD1ZG44Mtl6ZUNe1xeN2AWQmAZMmLpSokxiQ0WK3oDJw,1190,I,176,142,True,False,False,False
zfACgD9G7ifgWSPB5Ru8xhViAzZ8hMvNL7I8KgAG6eHZE9g,mgsM3ZOjZ5T0dOB_j6t3CVlOZUQWb8qlohl6XktqnjiVc1aM920rNXyD99edeZGwGH3kD14dvPO8cw,1186,I,388,349,True,False,False,True
4kf_XczWUUU8VEst3-rQu-7tT7fA1qk1B3mrADw5M2zKALmgW8pQAo7NYA,e_Wq6eqgOB5BNPUdBCAQbGSlx9_2W7EiOHwXc9rlYtw9Loj05RtR6GnaYVM5-aaQupkmixzDwLs0cw,1186,I,102,66,False,False,False,False
klB0ICcB48Gpmmp1gUZBhJT-njEOXltJsOOevIUfu1v4OAU,7JBEJWVhky9E8-wR5QqJdFZgP0bEuFS8uUMo5i8Mj0iJBT2Njdi-tejnmLmui9l7U9uetoj18OrIlQ,1185,I,153,127,True,False,False,False
6w4tM2KRUtSva63SD9YmsWMcrz8L_Ln8QFVPruAv_CqCbY4,P3S_5OxIuBJ88u0U0VTl_s82Yq8sojf-Oi03RvNm6q_fBXpeNt1_PXu0H-tMICamD7QN5aONVc4ymw,1185,I,147,108,True,False,False,False
fAolavuhBU1BsDCzWGp9TrDg0lmTIR5sLHviKoced3yzoWmQBC1hbgbraw,kT6cmSUYqUCveF4hjCZ-qtjR8CIZhn4Yqn7qIbu8ZXInKATkxk5EMuN3trjJ-ebNEg3Pfvi4jjQzbQ,1184,I,270,246,True,False,False,False
yfNURdXGFqee1QUevsLu7r5pDOl2aLkPJqxicL6fRnxrj5X0,VR3zruAtKGFD7yKReb44wz2ktmuc-Ijsz-o1--PStdU3zZWFoM9yK58eSCOYAHuGsi2CDEhxvpPvYw,1182,I,259,228,False,False,False,False
koaN26AbcLwu7SM_NIsMa2g2yAJHYw52lN4sNbgYtykRCoQ,NGVU251Q7aXVJhG4tethq2oGY3fRYPzDWF2XPNh8ASCzH3oISTNdGYcLu6uBfjFY0dkeXupdK7DciA,1178,I,125,94,False,False,False,False
x8GOYt_ohIyDWXfZ7q30LRFHv-PtfgsbM5pJpbBy7_Kf_bI,VbwJrUlsCcBMStwMZndjKeeyy70-rVEsYd4gzbiFQB--tYr6YzdnqRVKYXwkreCFTyco0tmjbnpjDw,1165,I,85,53,False,False,False,False
NN882Alaa6ukew7TcpjpAk79as9WQLoG_cbe94-bjvknUeI,geZs7-gspWn3LlyyflOpNYFyXY5y9Z-3SlbfErn16M7Xwp6pyL0gNUUH6nGDbNdvsum8tO5HkxrhxQ,1159,I,175,139,True,False,False,False
feKnSEy32iclQ0LUmDdJaQTuvoVumcaMvzm26D8uAnOId8g,yt5UZwHBSXNn8QkSrp7MCdjsLt0DfKzhOorfBPCLJmoqeNHPb7pwzx0729FxEEbvrdvaJF1-8cUcBA,1156,I,187,147,True,False,False,False
ulZ1X3ibAKAKkl2M0Fb2aA7c0k2yqMV-aBlsxuB9kMSI76Xn,7Myf6IcewoTIPjjP60Wvu_meYOPXF8UGhJbD3RwOTjTtdmJkBU5AB1653Z8UXj2bTOvOFEn0OKVrGA,1155,I,337,324,True,False,False,False
3_YPECChQKG7NQfnTsVPEjVMwbpOSenr7vOPvPawOv75xQk4Anl3-du1DQ,PtHj-wXodyfMtuZvqDdFod1__hNxA4_iy_Cuce_VwxmlLEvORSrH5pf00CWWJsNR_jkPzMTSELxppQ,1150,I,161,136,True,False,False,True
CuqjrgylCqfJsIMfFPidI377DI4Mqp8tZCZlNPFQ84snq6g,yvgluxOsiuhqOjy1Y6Ge3t8yYHXWmWFcO9iLfuBUnUfTmHxiwr50NeZhSPGhpWN1k-7rCjq1M2QebA,1147,I,148,111,True,False,False,False
kEgxZh2x_M8zKsmFBzyrc4JYgXZlAIS6UKQJYuuzc4IfjrA,iBsdriRclndLB4xmAobfwKh9l0QuQHO05Yl5_CNvjXvxem2e5hdDZYIyJpeKxyHAt5tvcGouN310FA,1143,I,212,190,True,False,False,False
xxK-dt7Fu92bfnbtNSyP9O13UdHSAUSknEVffoE4QrQI0fU,gT5tsA1ZwwqaNzVFGq_aIed6T_7k_X25-Ey5vRKkI1U-aZ8yaxY7OrxpIBosLqzPIy9bIGVgDDnvig,1142,I,131,90,False,False,False,False
pDHF09ueC8RAIHZW3j_oKfupgtM4N9V7tyxbLl2O6WR-VxrZqNXl9FjTzw,fCQIwMlvAD5C0IehtaXuaAthN8IKmpK-iAXyUn6Z6TU-UTjSm920vHGREh-ZxPmdwthPd98_KGHg6A,1141,I,167,143,True,False,False,False
7yvgjlFvY2AEDEPJoJUHYZBpE5JZzCwuYG7pvLAAIHj-hT4,U2_nNZLs0OW16lxv7H7Mtu_qloVnGyJuotyOKUWQUgfhaeV39W-0f_BvhFMH6IfEZmYjSsnm7mCuPA,1140,I,438,408,True,False,False,False
o5Ab3AyiIAnn-d6NNntfEWOP5NvfirVUACtCg1UmNdjWY1s,IR-p1DkspGgoik3heSY9OB_C6tPI1wdsbKfkk2M92TMUCxbpz8tEVjzpi1ztbtfZ0tUr9cD0GuT_sA,1140,I,161,121,True,False,False,False
9EXug68A-3wMWtpsDR3rt6gT13GnTeC3sX1yKEKHiUrbjjQ,O3to0qlU8ooeDEYy4bI1dHcGS1FJKxz1peneSI5c7mPil5-aTHl49vsxZOxjJRWRqCBpivScOXe8gw,1136,I,190,164,True,False,False,True
vDcPlm9WvrivPKEecrNxKpmx5QESx09y91HUE0VeExZ603hj,Ga23IfjIXpMH_y0dW3eJpz1moni9Z1Q6Cu8LAV48qPq0yqedqU8p8UaSSff9O_CLduyRy0uVNtFi1g,1132,I,157,113,True,False,False,False
zQhnde3aK0EAZBhBgJQE-oVmX-mboMsZz_q62ZHebD-6vmEf,LfmxGvUxGGlurGqjqMNkiDbc6jhbXPgv9FiozmBoLpUQiC-wdsJZmfjV1zFWags6d7JH6UHH_suLvA,1131,I,111,79,False,False,False,False
geTRVWZrdmIz4gvGkNV0UYqlgFiSoDj3tXMuqkRXclDe4GJ8,IrzxZUuZ96sPjLH8kFdskJKch5EqbSHOB_b4h9kQRZAcrwq8Ss08tZ7ElgIwEKpEbgaXJgON3T15OQ,1128,I,149,110,False,False,True,False
stjKqMUeZd49zNM1LA7v-5sgU2JoljbWKe_68SvNFAWXiq0,ySy5gVZh6bjrPN619VtI_jQcMw0b4MG5_vaLKJovLZ1MxjmZuWH6rNvMYM6b4plQoqf2wisYeH3OUg,1124,I,176,158,True,False,False,False
div4cTPqERvgjgWYF-S0sWlEEY2Wjugg0BZNEW60FzXX0Poz,yArbCSseB95N3EvJp86AMZqkU9F3vSApc1cBZDRVzQ_sDFX6NGDSl80_NIk-6c4mLgSKfW0XCvwNtw,1124,I,137,114,True,False,False,False
y2YNaOZFJJMT0W_npr7S35tKvdsUX-kw54x8-FVtTTp-1hk,LWIdDvogXyB_lViNCO0ywyUU00csKKfOgpQofmwtOzV8Q-XwJ1Wh40yJ4ixS3DAxPLxcJPU9EgObvw,1123,I,208,168,False,False,False,False
qtcD54gqVz00t2fm6RTbI49cQuY2j_vVb6QB9eC4qbCoSns,kqx7ie-H_-WwLY0tb8Q6kwKSoWgv_56yijZVXldS8bvMxaryHzzRLeVxca0Zp3a1pz5Ikin96SR7Pg,1123,I,203,175,True,False,False,False
A1dmA1uFpPeR3SadycfZzXTypDYX0J4F2HMkIFA_zLE1Fv4,msCBt5InLbmdWcTbo6TRxGQyBpa1N6Gxerqi5lux-J4P3crqsnK1Gz7Ibf3HQwRnnaf9-xn8eJr57A,1120,I,180,156,True,False,False,True
1cwqPFh4QsLhiWtNrLyqLtETRbJHffH8szaVt6AquzQfKNE,bAXK5KGVI_gWu2GoOFq3j-qga-AIS2ktiOgJ1nECz3ujBAWg0mKMm8OlURD2Jt7CA4eMusZxAXAo-A,1118,I,151,117,False,False,False,False
JJ0pjF4vmHpzS4zEkSMI57pJVlFpj-Mg5mI2BvsXldbIySs,hYbmlD0t-1A1ewysL4ICNxbDv06nr2HXdOAPeDwcsKaKwqqUE34Kl93l8W3cpfL4Wk3-0Ci2Ik4srA,1112,I,109,83,False,False,False,False
Fy6-sRD61ouO0zacRsNb60n5-bCNs-7agYtKXujvAsOT-TSbhc-yc-tkuw,aodYG_EOPV-7ha75miEmkKxGkop5CMYZFstKkm5OGDxZJmdLVvDxru3PLb9V7gGEo0jZfHQsD3GzkQ,1110,I,164,130,False,False,False,True
hifYyo8Jeb3j06OR0PJHUlhBMB0f7ISQ7duYu7IqOIJM-eo,F1Ep9FCmWb0jdOAs6oZXBwGQPe21_uyWrg6r9dPIjThl_1JSqNq8htBJ3oTk1LhKjMOyJ1cQ0-cRMA,1109,I,204,169,True,False,False,False
yQD1QDj0MPt641cYnXK6jaADYVWxKNdpSFF6BJIFHW5f2ac,zu8T06p0J-h1uPKKWcQohCTUedcu5n6aIOZf5GR41OYYneQuf8TR8aoZcOpDQSxvbNKwO0VrkWpg_A,1106,I,313,288,True,False,False,False
R8DzUfWyUyCtPlb_1ggQZfNPRnoEe81rZS3Hfso7MgtPgCY,9rXCBQPEHaHF1a0ksraMBLJQAOWIpDcoZqNCr_wrTzNh4pLgcS63M4rNIZa1S_ZCQyxU1Bx8TVN1Cw,1106,I,197,180,True,False,False,False
hd_Rm5QMK_JXhW3mtqvWL4X8rp2LTvnXci-q43__eFxuTHc,MurWexAG3y8crhRBC7dpL-kZ5hhQPhDjpcevWMdx7cvXyDVspvHA-SloPAeSQAf9ETPrUhEVmBQnew,1100,I,188,151,False,False,False,False
Qms43MBMjVwIaXIFv1muFAnLQzSh1fFY3zDHyP1ACMjemPGr,DpgTKWl5qkNAvtPsydla1cWzcYYoW-1zT280AdSfPx353shY7LskblQ2Ww_QQPTRJw1zXW-VFA6dOg,1097,I,143,117,False,False,False,False
c3CxEO9bHKzNSm21wg2cni03UlktTAyFnbNQppDpvM2K5wM,TKLRXQSPS_JBk44NWJ_SIjZHeSQPkhFrdltw1iiWTgXcDQuSkElSv1jES_wYNYI6gH8q-2YR7uyAZQ,1097,I,125,105,False,False,False,True
qQMsKPTHMS-6NBnazTkBxdh3_861toANIKmEZDx5FyIaywHuDx4vSexlFQ,qG4CNBVXvHsStZg-BtKmBQFtPL1Vrt6Jy3k4mglzMt6Cr3iT0Z6_sVnGbuvD5P213Pun7uQ4i5dJbQ,1096,I,183,137,True,False,False,False
BZCjYSrE8ESsBNVThPR7OZZ8iYmP93YGVeIif-r86Cac7aqNccMfHeVD3Q,PB_b62dwos_1qxKjDk0xkjH9G-fw9xcQFyrt-EqXM7DM9etY24WWNqZ3jpMDrWR13O-mp2duEagqYA,1088,I,116,84,False,False,False,True
XZQa6MZIjtmoAJx_XpfAxPjrJTYYuQz2MULLVs_HzUdQ72o,R9frDR87Bjd1TSBc_YTi9Ddi1bBUItuC_WPTqAfRlR85QgSbrRMNX_lDEiMFEi5Kkti51QQWmEHLDQ,1086,I,159,133,True,False,False,True
oGBMJzFVSAupZCgDBBBNRDPlKzgc3cyM_sjTXoh83aJo1x3LYS6eWGZ58g,Swlr8ALj04cvJSVQlQMUVHGN3zx8ZikJqJVePQDhCKQKpt2hHp6QStiSNvSfP7Hli9H3xuqOkQKcHA,1085,I,160,132,True,False,False,False
E5BSR_nQgHPc4W7zuSOTTFWSTvrlOOaS0-cOoi1QdiGy9HI,VpodWKL2Je3KTDK1cHMsWjhfxyt7ptK5dITMJZsSiBXAV6e81L9NwR2xTFlxV0zXwZw4G2YFSZxzHQ,1084,I,146,124,True,False,False,False
mW1BMapLuQIpsCmFhVUcjccn_1ftEOcJ6w_IfYI4CxSX8TM,N2b4RYrqwE7JpVWUVF3THLdgXLw24rAQcnsBfqPElQ_vBc99M5srhXK04-vlj-y4znJ2YHYKRNXHqg,1081,I,130,102,False,False,False,False
aBDR0FuDUdiyHgPe-r26baNxWS76XRGSstDrJBoH0L2NZKg,vKYX05f_HfdF8Ngpb7GSC5s540i4YQ_6TNKD5XUkSnxdqPUmN2pelfp9vrUJ3lwAZbmQ2ojwHeNnog,1077,I,309,285,False,False,True,True
o8JeiswSLcDMaOHjKA0w4gVorB5gbRoHUaWs89R8UD-V5g0,2OY1lOQNoOWrvcmt4xFvxT98Q2gEDUfqXEp-kKwUvUW3IWX5n99wWgJm1iPAy2oS5zqjwsYixMHlHA,1075,I,127,102,True,False,False,False
mYesQXgbCxS3tZvphEGIKnnmma-UuUe9O80x2lS5RmI,Dx81z5q7MXK_z7Guv9EOzRmHOFTrOSsWqhYWEc8ez1DPaMHPSIJ5hFbUFHHTdpApzDYZXoeGsfR2VQ,1074,I,145,96,True,False,False,False
vuNf2oQ7CPTLHE1v7GeKKGeS8aFToquP0G0peHc7fCNF5zY,KdnOMyzzYUz6vrhZ1RM2ce24n-6-XJj177lzbkpSr_dGUOPtnZIXN6pSfOujvKfFO93Drql29MFn2w,1074,I,99,71,False,False,False,True
LyZCspyA_tgVDFR9SZCc4CFXwKArStg4gNai-XsJw14rl9sC,iIUvQseOv1_zuJ6oCA7bfw9yBnPo5E8d5KOYWM9bjGkm2c0_dEtIesW8ROsOgdiETu-G9epGSpzKmg,1071,I,294,255,True,False,False,False
xP9r1uVn-FHhM759LvOhucwZdULYZGWeJ3dLLsmNikEuJSg,UKvh9icdZRpE9JD7L_bMkhcK67ApYDHJOb1sqYpYDWY28rHprblxbPKzx9Z4j58BwG4xjFaqRSlTXA,1067,I,108,62,False,False,False,False
9NjBEeyHohY8uPFeVv8KWYw05ZIOrohG4O7mbs7KA9O7RiXa,JwtYB5JnYQiXzujzd5x1kc2re8_E2aozZxXiGX0xxZT1moze-doP8E1EGLmMc8Oc-up0N0KsgT99EA,1065,I,148,98,False,False,False,True
KvJRPQnv9U6pd5SCI3Gm-pYeJtGHbmLBy7cBg5oVPDMNKG4,gRkJKSik_0CGCgNTFMNMvmgfO-CuHfygZseqyO-rfrOIuHdEcESzk_aIxnFjnFjjLgBMj86dKmGSdg,1061,I,159,120,True,False,False,False
UhdQVsQYMRQl_OtTOHskX9kYtnQxoiMXRFz-9VniobPU1jQ,GqGSaQvUr4Uy-PgPKsUn4gmHiJDl5-qc8hAFliAmAxJ6FuEHSrS98UBvcif61x_AcKoYVldryf0YhA,1060,I,271,244,False,False,False,False
fH6vfHKndc7COnDCc7ac1VnyXD7lXYSij56_aqEsBDk2mgk,9UYRXT4zJgV_XZkEZqKxqA1gN2YE0SKeh_YZ6Wv_417p1zl9bkSsSlLJQUyJJbsYzaF_PrC5ZOW9HA,1058,I,144,123,True,False,False,False
CzxL9qrqS0b6AkM5u31FU06H5cqB9R3HVlcS7LAXkSF9LKVwSrNz3AyS0w,O8FZ-Y2Xh36K2t-BgDLO2Mw4ha4KwyrRRqKF7rg8KY4qtNKBALl6b1MxvLxSqd6oePvq6o8p5b0Pgg,1055,I,119,79,False,False,False,False
GM3GrNxv5ZT0vU2Xe8-h1EZDfjFPSnHpRw_Bi6XYSR_L1qyhgetdqvR3Iw,fyYa_CyHqXrazmW10b1IXl3LngnjaB5BolPjU-JP7nj_NBIroGff68lXy74Y64u4AR3N3CTNruS0Iw,1054,I,137,100,False,False,True,True
JmSY6Nim_ha4UmdLJCJoyTCZ9AY03KAqx40eJwC9u1HfCqM,WZ97jRbkFrwtM3tmfRbjrP19dEVuskDyLpIRRb6a7MU6ocdEUhDoutJrQWaGFws8jV9rJ22WCTTw7w,1046,I,108,78,False,False,False,True
0FscgAEiW2aDNt0NzQw5INPaJYcMgLKQObVhs_gm8Muof7UFh98xJ3hicw,7wkLvOYxikd9wTcj6b7LAr2RkFsFmoFKkvnJg1KmFbHmzJ3t6HbelB0yuf5CnyOib8-e4NQWLYJ1sw,1039,I,170,136,True,False,False,False
Yth5EFPFFo6jKlaI-E1Dcbhv-vNjh4FCie6Utk0hds6QNjI,beC5e_942XgVAkGVCcsH9Grr52oHv8ivsTHA75RayuPd_YlMmTIS2gNDPjxxBlSlZm_himtekI4vXw,1038,I,177,147,True,False,False,True
BN1oUnnxkHg-t6M5dhb5G_T9x8oknX9VfyE7AzfnuUZt8_Y,__l9CzlztOhBOZLF_TG_WCAwMpETyLDZpFU-rZQDWdMxZHL7ZOeInAkzBnz_AFJosN8e3G_LctyH0Q,1037,I,244,219,False,False,True,False
Zyraj9xnXO1viD71Braj5xY522xmhNnMbZ4z94r9xGT7G7XO8lPmFIN6MQ,nvdpdvk1pq5rRZxktdmb1jiSgY6JqQ1QSPuuIiJJQnj-gn0vOQ1vk37bt2SwzrTmUjMMNJ_Bnu3diA,1036,I,157,135,False,False,False,False
b9JkQc1VE7_yMVY_nf6IcD3fQYbMau4moh63xB8NwA7PlY90jUh9KSXesg,9yNOlywkSIMG2x-TuZLGKUArnN_nfXR0qwWHooGNnWUi-F9dv-4-8i_TEnOPryph-Jhz8bMxciLJoQ,1030,I,269,225,True,False,False,False
w1rUd0tLpjIXmVxQr4rce5864SKHclCcHeG7eDgzOGp2_plMTn6jtVBnww,f6IYjzKyGYXkZBdLoJvI_TQxvtksaaB3rrX5Q9kAKK19uC4Cbok-Qj0i-ry0dmVV63MauEaQkFlAsA,1029,I,168,128,True,False,False,False
4AbP0WRc8qlBiY8USaVyCaab9RXju_p80L352g87Aw-_c-A,uSof1ogWGTw5I64accSOeuqRAGdTfatfnSuCa8l5_qY2Hb7y8Jv-sAIOxEDcOzCruCcfevp49UkjBA,1026,I,161,143,True,False,False,False
Jgmv76ez6FFoiAIUttlYo-AR2nFvy60pu6u4DtBc4pCrcaU,Cru3SwQPIVUVqZveCOaXYGN1Aa-89sjr2ZwuWdviEv0RcJNO2-eBiJuUUvXB4G6b9HYtQc9hSnFpkg,1026,I,139,113,True,False,False,False
HgXXezUCbG8AMCyqnAfwMA2x1D1ke5yHbskhvGN9Gn6W8lQGchzKfz43ew,X9zm3nWOZfGi7TjtiHHWBxhOqpXYRfo7Zl9wQiAFZtEKN5l3lMiWMDIlp4Sgqmvm1g4KvN9LGKXchA,1021,I,168,122,False,False,False,True
cdoS2WCV9cZyy3pVSUYmlKeODWg_86ZL_A5ow_xcVyEzbTTM,2WT1c1C_sHGN_zPnIYjaskYX8_nPEHfq0XXOqZdvL10lCv4ISaIvfyjSh6UOINV9iGufQT2AkSy9dw,1021,I,124,92,False,False,False,False
1UfBLMoEL8PMKlHDN4ForukJTBKUALFfERn3X3QAhhNT5IE,w1mjNoWFRMmb1nTox7uIKJDfBMh5nJQvRqmDD4WQwPayZTSLjczQwDXPYpwFpewF5w-OeM1pJbrTNQ,1017,I,150,112,False,False,True,False
wmkuk2ZGYy3lqdBCp__UQgqBaxLSftT-EIyzaw3ctrh0bmMHV5S65PgPUg,J7hIkHCwP5PGPITtnjQdmT5jOk0eqvfYuGmd7oK9HzKHdFtwRctEWYEP22_oKGbn2epns2Cso9y1cA,1016,I,181,117,False,False,False,False
1mAS0fwjHPucbMA3gGJmRTAk6VmnMAirWqj_7KK1rUWL5OPkzh_48eyJkg,fxq3z_7VXal-bJAPSGubSj6kmxgCMAPhy-zSiWY6SbJgv9hngFWkEYYvzJMGlATM7vUnrcfEtlWhTQ,1015,I,165,107,True,False,False,False
tJ32HOiysP0rphWhesMNNARS2hzJuEbDgG9r5O-8cHiJcwI,65CRS8qQ4qAyW4Hg4yfrXnDxqiVkkQd6Y8EIN3fdStsxjSwffXQpj_MbFzPycY4h52TLjx1iLpPV4w,1015,I,117,61,False,False,False,False
GGauWa4YPeN1G6ss7BFH_7kFaSkL_AXa85JVKeJ2ZqHzzHLCvo5rPa8I6g,zHpj5C4Et6g7USipNRVhoSCu4foqswyelil1WrpAOLzLqzYSn2jdgPkQWg8P9Z_YKDTCBrTrv9_xwg,1015,I,89,66,False,False,False,False
FOIND_gdzFAhDEx663OAS8V-V9iv6UDwZWasgvHEw3uULsc,yAYGHe0pA3t3RYvnamRqaLrCdheKwN8L-10XvPPDj4hm2-eMNTwRGMK4tfQ8blueE1lnoeg2U55znA,1013,I,243,214,False,False,False,True
jtas_Hyi9lFdERn_SxPYF4164QXRlKvZbDGdBS8e6KEokZQ,wq0gvD2AE-a0g8YNdejOX5MtzcFqs5ZHRuebs9zX0ubSMDA8YzuDHOQdJdFZQkde6D3wobaIXeVnUQ,1013,I,183,160,True,False,False,False
RApni1kzCbhifveFRsPPPijQdKkxIoCvdcBPyNmnhTPIaY0,EcrR9Q-OxPT9naT9j644bhkkq1XRJxItRCkuZeAA6YtPYAPzCjYTNgHVCXD5f766Th-T7YZ4Vyhq4g,1013,I,150,126,True,False,False,False
WhecyagXd43STa8OMLtQUJsZkdcE5dKHOIHVIFsE8ZVMNHM,hnhqS5y7T5Akaj2Rcx2GhYqry6cXD7o8cFlQuFZmHYRSmEwKT4xcmzcGsCRJ5v898MWbEuIefbc5xg,1012,I,379,364,False,False,False,False
f8py7GhZZ9hPkyxxIpPKcN2Sr1gNoMTahKZdz8dp6MWfPnCWJyc2f2LCWw,icHKNMDQKXj-VagR1Lwdz39QHby6A9Q4Ggo96L1UiB2Ru9qt_XG0E1FnTi3yDsUEo1cvFlYD_4llBw,1012,I,191,117,False,False,True,True
Ml7EkvAM1mYoTq5hi91bn6k8_MX06E7hYjQo6e9MRU3pLLw,wrTNsisstJvnSw8oqmPs7CpAqYw_9-zBPS3wvA5HiXnPoJPLnhEX5ZzlDWnf9L5BnEyrQTT4C4cgwA,1011,I,184,160,True,False,False,True
n_koOucR7lw5-y33FZemhW3WD_9yv4hH8XsxJl05Jh8PswPW7eLw_p0hyg,JqLEIL0n9ncI_1DekIIlstJccxCabKpLUnaAnr4mGZ4rG-bunU-4-sNczqEpe3dhL1jYRd9Z-Lz-fg,1008,I,237,223,True,False,False,False
soOZfMNv6QtHdrycFjsAly1dL9KHQR-uTAEUOTyGPfkmofY,u9VYE8p3k7n6dhO0JePvzhiHEUiBXTxAUYRfMtkQm1_2sbRBr7iXAbcoizZW1LRDPMpFTsHf5kldsA,1007,I,129,84,False,False,False,True
spi2K7D10qOdEEqzZdwKI4VFVT3XbWlzwmDZ453DLpQgxbot,oMfF8Tb1aBJ2SoVXFeg_3u9H8yoTVWHPdBqXGBPiPScm2WkfrEDGUv_2AF9NUl6tVJYSyNIZ8pLuVA,1006,I,123,104,True,False,False,False
J86jJIYS1oscfsNlwSIq4mLfbhIPmFBm4CQ0MenkaLUGIg0,N4GXsyMDLig74MVZGMTVjbQ4eOdOBsjE5gGRtiMzzbZWtvZ1MwkULP6mWHVYPTZ3BWiFynBL9AC_oA,1005,I,296,274,True,False,False,False
1ar9kcEH0YSfkYmvPd-osd-bSlBdjSFmY_a3W7p3YVVnp36zKWFl99KZ8w,sZZZc1zF043EalOavOgDg1hu4jrtstPY4S8cEvH4V27VRMoucDWLRXWRft0_i9G5u967bmuMCyreSw,1005,I,167,137,True,False,False,False
c3CdKhgLocxQAozjedj9mpfUwjQqoHVBR8rjTbAhU4C4peczT3OLdQHhqQ,NQOuuZ5pQAmEOjW6LI3wRrTKVRWbJM28KekUwBnItYVKQhlAES8L9T9VV-0CBa5h310aX5TnsKfgkQ,1002,I,192,129,True,False,False,True
zi8dEr54nPaKCOrp0qXf6pMi0F-s6fnn2VTpZ5ESbQ90XpE,-itEObM6_2tQedo6DlQPniP4MYe7fn38KhiOKh5ddbmx7G39CRJUWQV1RovREE3Lue_ode7NvS4SNw,1002,I,177,142,False,False,False,False
a7FR6uj9swSfl6VmW8gQO3IifdXmQUwg-DZAcqSIYKoMx9o,lC3bDnf4quqsIS_h7I_bNQmvFBfvqPC6yBAC6vIje8FtlAU10exT9O0wwGr-6Vp7O7jMt8-3TqNFQw,1002,I,92,58,False,False,False,True
eY04HRNs-xGDrXsGvjSy8qSkp_9WV-OzC4_M5QTM758lei4,0Gl9yG1T-wPuD0pJ3gQ3WYggZz-_WOWo5iw9ZqL9uaZIe6hAGJYwaSLHMT79j74rObbm3HcYgxXnww,1000,I,315,285,False,False,True,True
bLrPV-z3gCXHGSWueT5v7ztBX0GNauBAL159j8T_ApIDrMA,UswAm43o-af7ZImjMAasLbSEQNOsrdgTv_1zSGVYUU8j47Pknui_07ixWKDwLZWRAClu7OMXIajq7A,1000,I,124,94,True,False,False,True
wzctkfEjfFRHoFnXhIC1B9xSTengF8IdV4WNqv2Um4qF-78,xLNXeoJLvAZ7ChbbDG5O8sn6Ma6XkJ4viD7pMBiUXDKHzerTJ9EWVxnNMsGK-jaezJzoEa5920B8Hw,1000,I,114,92,False,False,False,True
PySVlA8-RMimLPr9EJIXnk2utLXbjA8nAvYmz25D3w4GyAA,X5Uozy88g2ZD5_7GLCI5N1PLbrybdFhRWyxFfCQb1g7CtvMoy6gYSteqYsOcAiciy0CWymsWvexi0A,1000,I,100,78,True,False,False,False
hnrpo0GADjT-d3GZxaEGLfYL47x1OykvgLoawbs43cZaY-tJh4N4UodJNA,RMolGWba1rb0FoKNCrqL3sim8FpHpzVgbOqEYhXgOwIOvpjLimrD5tiu1H4kh0YpDjzXCO0zfYjq6Q,999,I,412,394,False,False,False,False
Ttkana7php8iq1Picq2-WJf6DnKjAasB1AjAQKr4mdnWUZ8,JJobERA6cAof4F4S_p6Vv4JFyVZbbaVzI00bLUO8i-SD-G0trzzGdGT72g20hHIyxPlGqGHYPnZK7w,991,I,187,162,True,False,False,True
QprlTUym7idWeAeFVAfssLmHj257ezoEoRCV37PNdRhIOx4,Yf_R09wh5ypXiBT49mGr6vHER_RYhjAXkrL242Nss4r-I7t7AHej2akwshEsRTiNzJvFORlwSpda_g,991,I,129,99,False,False,False,False
vmFP_uz-mMrW7TFDlXjeU4QtJPQh2QpNPpPneSu7I2rRSCk,f3hBfnxerGnFmBlBL6eteuF9_o-Cs5UbOg-WEEEyyx81GlhouMyzMgEydFYIY1dS0Zzt_0pjatxs5g,987,I,249,231,False,False,True,True
ddv4XexoDCr6Uy4hD5R6NhN0Sp3vyO5_s4FEe5S_-vJ_BHA3vu-BNhTfcA,WrihOpmDZeP4Pp6ARbVTPfDXfZm_eXSTTCQeXIp8Uj4L3O6oH5GEunStUA7Ks4nlTX05h93sTcedcQ,987,I,88,61,False,False,False,True
bkASbVAgrXeoBS03oMgk-Rpek1SJx7s6FoNqvuP3G5EtCVgw,fVkrw_E-H2ybApRu8hzpU-mHzKHkwHOFaBxYRPILePDcHHe_bjgLOQ9tEcfVXfvuKgY2BTeuV9V90g,981,I,130,106,False,False,False,False
OZ90jpEA2-qyicK7ky5Ob3Vj0vxBuekxLPsuBJ6ADiXayoXN,LjAS_Pgt3OlnAsKTAr0PDaxoyfkvTN2Wya-pQPNOsy78qvgLqQyLgPuatt85EMjJ8CBTrqgP8ZFqSg,980,I,147,121,False,False,False,False
5coC_8trCYpPZSjOGLYG9eCbVg96uIwGMmJhKd6gJbHH8R_2b4rkYfqHRQ,eXMDT1m4hiQj29Rohhh55IlBi0yprucHZ8pE6GP71Et2DYjNNDAN9X3jYZW73dZdYC0tmWtfs2I9uQ,978,I,160,110,True,False,False,False
OvtaAuK49UKGqwiOCDZvtSx2ncd4NeQ7LWits4vKyRs-TwI,GKyuWb9D4JjqVhy68qz7LjElpQCC7XnolDvAC36ZeVm65oWwTlZItwnReVTeOD39C_E6Ac53wjXFhg,977,I,126,96,False,False,False,False
n04vDG_XMFVCJQmQ5NvufGvUawJfSZsyXQROIXUJ4Dot-b8,Mouvd9x4dDXWlHlCkVR8CtB0jbfHhFnv9CURy7KvUEEBovitSnbjHCPc7IxvEFQxrEtV-snS9EpebA,976,I,197,175,True,False,False,False
8Xy70GmKkNTOg7N-vfzqW6gH3PGlmkxzMDrfGOdyCaLpToc,TtrthNAbaODyKZ9oxy_buJ8-LagtUteefuFh4S6f56z5W2wxEImF3jjd-suYhSi5vyRSWZ96QjQ21A,974,I,262,238,True,False,False,False
-SxdbOU2tdXuC_aqTRvGZ2WNL_j2fZOIcXVn7nWKJlLptasZHZLIpt7ZeA,0lSA7c1NGBtTBIKnNrTc1Hel6uIZGY22Ih9fgXCckQJ8Wp2kAmyQzCZoSGgry7-T14EDipkSmyRIpA,972,I,158,93,False,False,True,True
gigk-4ESCcYHRssop7m1d-rYLgppyzSs843t37ph_Rc3oonQeSzWtRFseQ,wWJkeJ5L3RsZtWrD9mPoTROcBEMtH3lJ23_5Uten56OIx01Ph3B6exhJtt_MNeBcQ1-p4TG1FVxbjQ,971,I,269,236,True,False,False,False
JPi1U6Q27jdU6BxGHlKalH6f8TbDCYdMyVAx3dp498t0C5k,v_r80Jkq4Y7CqpY00mG2UeQUWHVYbM1TR4gwZCQ_osO3ZsMuMyTUN8xulKY7hLxbupOuMqFOW1OTDw,971,I,219,188,False,False,False,False
jz8uQrKyZZZhwbDi__jtRbNp0qqsaEK9-BPh8aY_-Lz-4DXUqlTHE9T8JA,ttfZJ1CjwaPrajJN6egtB5tM_AR0DJoSG3a27BET9_EESF1LYpG66n2qxvBerE5TXZ53zGka5qBVIg,970,I,310,284,False,False,True,True
HMq6YAWjmSUo4sRMJ9pOtkJJgbs4fcOeCasq3On7TPi4OVi1Lr78BKgtYw,ZEIIadJU_jUtKWTPTQBjDbad7iYjjy7UFFixzCIR2qlJMMA-ycxNis7-hj-Gm-hXhzP8IbBEGxDIBg,970,I,275,228,False,False,True,True
bGubRsgOIxZrHQDEAPr8U0RTdOJKhfLGDjXee0nkAEFptBNHui-KFmfbog,Fz1QhE5n3VoWcx-wOtJ8JLPX9zzaIDBKa_8GrwBsXHViKZWRp21b2Dh3L7x-TIcTgb2i5vze97NC8g,970,I,213,179,True,False,False,False
m2DdzxQbBQzu5fH2_V7AEypDgXS6Ut8H4a9lfZD_5Y49FMY,fvzfV2OewQEtmUoVc5N7cjGKLuQ_Mb4SMt8KHE9plvQauX1WAii86VUTqhy68Fit4LM7rbeyB7KzjQ,970,I,174,144,False,False,False,False
nZKmGjsBTFsZe8kaSJ4dva_MtEdDIyrzX-yRXZ72KgHIHqQ,1GZ5adjsQnYvzFxl-gij6WDm3VeWDqcwXGagOAh8_gjlSbVsXEL-FblKOYTn1RXBWkLHXCHtf3Q4zg,969,I,252,235,False,False,False,False
BF1UZs-PoSSvonuMmSS2e2AY5CGQOPJv_XbKL9mF0oGpbwmOt_3RtoBUCw,fp5nO8D-04viiOkkNjXzN2aRbV1zCC1voUNl6IkUm27VfM8PafPe1M3lLJ1hxX_37FdjS6tKoYD4Eg,969,I,189,156,True,False,False,True
-XXuSzfsDtxlphvnTXzV_KmlKRspc0XLEjR1NhmJPDg_fkncIwsMPgL_xQ,OvExuH_4n3FO6SlPNVDYM14ef0NVU7GQvjKVZZKYWRTDeOZnvtQX17-x632D9O9PR6HG36_tBAq1uA,968,I,367,318,True,False,False,True
-mdINRzXkH-lxMAKPqzkc5vk29J6KIYTXTbtsKfmkVh76YA0,SwMrRoekKHrb_874t4XGL6VgFBTDPi5l2gWPC6AJBstrzcxRKUBOs4DuvgtT52Es4jHDu-6-tZ7iwA,967,I,148,124,False,False,False,False
bKsKcbJVrbefxijx5rsnNje2KPqRpauSodWq94HUwKY8BkE,XeoT5JTgOT3blGW5j4P_qQZ95FRAypUHsi-8LmsVkWDJG85UF80oHRZR8Alf6Jjx3fDQAImNAmd7dA,965,I,212,198,True,False,False,False
urTdMYbqyot6wGGm-DBXmg8bj2HmYUMTsXgSOOUJENh9Kr57,16fdLsHpd6CrguFz71agaPBPqbekw0AE3cnEiEScj5DB0--y7lD3pDQpY5ZkIHpG4u2l2JQHYCtbWA,965,I,148,111,True,False,False,True
J9mfTT8M9flsuKklBYtLb38_BPKsvpLP4W1OleRJX7lJ8z0UOuhejZ_LCA,oINdgYcZ2RrbMyQDrFCmytcUvslpaV5qTiE59J_BxOAK0cwmhBc_3YcveJcLynV8osdmpue3aDAlPw,964,I,157,138,True,False,False,False
6qJdZAVJRKKzEBe5E-iuftk20f7Z6T-kgVR42spedh5x1Wg,6ClPDlXerXcM_jmCYrVqHCMX1_WFaymzU3mYFUPPbkoaOOfOwi5KrdLdX2ETOMVP-y9GE9UJyeHEPA,962,I,145,114,False,False,True,True
yuqapeWad-l9Rvuk6wikEODMTZtdSF0q3ICP9Vi4lZUvhyE-,ezR4XPgXe9325vajNNvMVRKRMF5ezxRaqzkqs1Gi4vD4G0HW3YPomdTLvC69gDVyJzgv3hgRTlDbMQ,960,I,210,194,False,False,False,False
51PWG20NueIkawELgD2M-TT7zqynurPoRbNEIMBvhVM4NAE,iqAMI-NddFmFooXjt8Lv0nCBGgEhMcVnFdgzsp6qXktplp_nDg1FTWB1NzueHAoFOy0G1rfhaxj6Rg,960,I,125,86,False,False,False,False
5s2KNXsqob5SlB9VMKqJVmDkTpUSzfHMbvn36cVKV7vzp4E06NE4HCJM9A,LZc0OEfgvZF_TW93pPRlhLQBNIEmdKjOkZs_3f8u_NtJY6btxWJmzqzYZPCuWxK4F-jZFZlfapL5Rg,959,I,266,246,False,False,False,True
XXxqrxQAaC_1e7_8XUGTJgG1qimR4H69V_Lo1W0-TadUGCs,FTNLi3poy5CcGjrdOXnrqFk0iMZd01e2308cotLV_JVCtlE32gocjjeaB1S9MwxU8D7KbgGqPtke0g,958,I,214,192,True,False,False,False
S2vdhby2NkmPsqzW5yx_8IB6VsNu1nhMc9AiJorpNhoy5ao,dpx8QSoi16M0OyrFJeXQ2GlcFewK24Jm4fXO0mvZkiqfOxKcpjaaS_nU3ZqO8Y-RdxA-wa9Rm1yX4g,957,I,167,140,False,False,False,False
8Qgza9esRTeS1iSmbMFca4sD_rI46h1P83ZVWqfOV-EpMxg,yMuxDgnDYRe_Q5sTbUwDQpY8GZ5_tH-CArTT5kec7F5ghsKUIpPzbGZGL6iCc99AihxhaLR-fKFD-A,957,I,121,74,False,False,False,False
ytgicfKCyYReIXxrq22bE9LC5042LHgpkGJm-eCJ80QgkBI,wDwnHgRrgb2Q8TEC2wbOhd7iNla5vGwiRMbE1tSx3KJ8npjjj2-IxodRrGq9rd9NHGdpbC4A-PFfsw,956,I,160,129,False,False,False,False
exdRLUYsYrLsyQoH5eK8rmeWDjm__GEWske83z7ZN0nDAtM,WAyOqhtpec_ObNpzPdvKIMczjBo8-S9FVrcMNmc-a5efX4Ug7oMTsUzlf5oJtv4dYerEuVzK00a5JA,956,I,156,121,False,False,False,False
2aKxnp80GQZsh3tMbKlBnlmGdyCqRDTsEPdfMUncjayPy3w,BM1reAda7TD2W4uJHqQSC2ohlUBHL8C1hA4FsPoMbLnsPmWJvfLMtEhk3SUPkdd4M64vNTgWF7KhZA,953,I,191,169,False,False,False,False
qoEQY6pRKGZCjsCjFW3hucOqRCgFQwY2tNlkVTN__fTCqvQ,9yz6R5YZzk4qdyCZNGyolkGa1EyKD8nyvFXu1Pp8VP_ZF0DTPaOiAiH-uUAC1rWx6kZKxLVLvSKDWg,952,I,91,75,False,False,True,False
88zN-kN6tEblDoEDDis2s0UPi55GTmjp3dGRulVVpKQNddp0Y3_Zgp0j7Q,o0eLfy3Bovr-_SILK7Ldjy6KP464JTassUNrNlsnJzcioHxAorXPt324nT7JPth9xb8RfkwinaWxOw,952,I,83,42,False,False,True,False
mok3JbnFVm5EyKzjBMp_7_AxFnDHdfMLhDWGrvGwnEf6YS0,TgcFuKgyaXrBomda7tLxrtwe8zxY-kRx1AOZdIyIdSNlmKwkSdOMk_FDPyn0_vMFTOggO-baIZ3z_A,951,I,87,34,False,False,False,False
zLRbGqa1Vjb8qIFjPYS6sk2xejhIwUm31u2kV-ql02qBo_w,vexv6eQUCMneb4gThCmlWNGEIywpW-QA_W-eJ8iQbv-0CzvQqnOIAsgMLbdsMSbDrsR0Y2XtavatEw,950,I,201,126,True,False,False,False
k7RxqrPjaRuopO_O4T_jFFDH-33ffK39Fk0VqkQcgeJ00gnn,ND9pJo-TFL1OiZ7IwR8FGRD-Lq0tb_XPnJWtFwSidYB4_U_EDjVGSvQIfdoBZ3cIgEh6qr0O9iVJ6A,948,I,215,187,True,False,False,False
_qtVO8PxnI2CXLrFyxYR8jZbRbiDg0tWDk3OQEbTVv3GASk,RB_at5_MnTw837XvHsNPbUJloD8R0FTfsfBei8sFeOfHRhOH1Gm0-gIerHcEayb6GJWegS61_3OlFw,947,I,222,109,False,False,True,True
HoSMXmB-fCVs7FTJpvQ8Hb1fwVJNlAuRb8VWY4tCwmuq1q_o,ZDLCnAy80_R3g4sL-bK4ZcnSF30P0EsTFg9jzh-Q_xvhr8H6xrhdcEiBFxieAySeC7sJrLcwI2pd8Q,946,I,128,108,True,False,False,False
2UmmhWMYEmDQ3SnLKQG2fKaJGsG0qGPdOpptmFsVnztLb0I,5Si32_f3fUUBaoZ2dVQn6dJ2Bv3tEetoznBKbPIqXqSkMiESuC9x6GHGIZWdP1dGuL_fsK0pFUOPLQ,940,I,252,219,False,False,False,False
tZSzWXIOyWOHEEh2EL-9FCuY3jKO2NnyeLwm7EUJUgFFxqc,7EhBT5cfXvDMd-MS_zfUWHtaEW_Be5qwowfGOEDxUxyEkzLFg_1QDrYxymSRRQlLckAPcwZ22r6blA,937,I,133,105,False,False,False,True
89kVR3741cmvdbiuDGBURy1bfXoIRLopKlMoghu_wbsi1UrMK1dwGXL7pA,GmE6oc_RV9oyldRZmO3oFXtKIdDoa-RtmBN41Z9jTkJtdCtDwh0VCeM3UqzitEN_c45GZZWgkwCIJQ,936,I,168,140,False,False,True,False
hvPzwWtU1V6IBcklWzhh7RrbhwprFMjy2IYr6Ip-xIB1oLc,hrcBQa4ztqWsEPACCU_AwcxGohymu4682bEtK-XhqN_zY1jhDx64zGZ7RM-_I9lY0mwluY7h2nzKjQ,936,I,102,77,False,False,False,False
KFE7LCvE6YuNe5Q61O1tQqp2DnfAld3zJIv286BYxolz3Qd9,mHaZDLWy9XGkutCjXbtSF-QyOIZKExPY6Mw8ShXkDKKI0lWzfCZHvC2weM-544_kx-vOmW_-X6Tf-A,934,I,126,103,False,False,False,False
TAwls7p4qlZ4EsexzGHqdsaqoXiLf2kcP7LAgkSrYbatarJv,JNT7GvuhF21Gmu7pvWjG9SeolRlxAzq7QgTX7xk1hLbcH3nHEhcqYD0SgEDIVZzcCUthZv7FvYdz1g,933,I,68,43,False,False,False,False
stnUNgbHTepAX45jLCaLtLoP9fbWoVtbdo8tAjUKghodrjX3,l6p4QAVKeo-Y_xg5QswFn68hUmyfR4S01PcV5kx6bi5dLkZGFia4BU13ofXNGgVAhHQQJ278gF8A3A,931,I,145,110,False,False,True,True
BSK6daIbnHfMC7rW_7exUPFul53cjVEHG9RwDKQI-GS-ZXE,R3U_nj5Ig2a8_ncQKK9bXl1_E8EnlGCJuWhizEQ0ptpDI1LCxp7ov0fduTuicscZiQsN3mhDC_CnvA,930,I,99,65,False,False,True,False
otwv2k8XFHUcHP-m-wxfSCISvp5vYGjc4ZdH9MsbKWWznzs,IP0KLa-408-JNoJuycpIaylRDfIzxFg5eeTQgSFdo4LnbIYh4vaHvsf5wW0qGrowbH0jbUmpluPtow,928,I,219,199,False,False,True,True
dV2kB99s_6IhDhPk5d8uwhqeRPI5J9lyAfpUtUukrVC_SMA,qKVxXFBtO_Cq2VaYEGaENihm90QqXWQCkGn_hzPALpHrWQOH6HjtCug7bRI1oKEqCLFDQSm_XzNkkA,928,I,207,175,False,False,False,False
lLYOKwOe0eHO3qFgSfb8Aq27ZTDLhcyW1nHuFTG4FJH3vgKDUBQAtSB-IA,IXrsefnI_J_WiyYfvRnEciC0VX1Z3TWuxD0-bjgjVcY-Y-g8c3MZbdwcAG0K5aak_PmikDnEdTSJtA,928,I,179,147,False,False,True,False
aJoSbDxwH-kX7MBXe1OIQH_lOhC-MrNcMLRQ5DhH4aiNm2AK2sB_HxorjA,kK-X2prTM4ETwjrw6GgHgbTyJ4S5gcP2Hi_FNzIAspS1Df1TSu_QbRHj1L3RZ7Q27OJVZsDntzbVrA,927,I,159,143,False,False,True,True
E1yksvsB0Pi11_S1W_qCPyODopgSgSiDPCwUlLIYlXvHv00,LR4962ymsxAeN32KoIElSXMMUwCub31g68kEGA0PufJSkdVO2FbmMBYkrr1zu4nD55cJlTzGNr2jSA,927,I,127,104,False,False,False,False
poacl_kPOUeoIxWmjAkzZ7luj6KOuO82E7RIxoY8asHRyjY,aPLH8lKLw61ZOpjQ6LH8VZShu4t4ALshPDd19Umcqm-x9DONPAeqNvGPSXxTdRjBrexDzficVDptaA,927,I,97,78,False,False,False,False
rMmV2iyrrQvkdow3NzchNAib-KjuPK-keDYTVnUK31Q1OB0,CdnsGC8Vyihc-N3SQN4K8ZFVPq5yD8rhFecVd33dTMx1Q2jbn-74YCJwPNaOL9YJQ2BWRAZMUfvDUw,921,I,173,164,False,False,True,False
qt9oCiCvY8H5cF9_dQV_ZhIvFp2x42ivjjofPg0gbFuAYk1CHdW6PXs1eQ,xacDmq1ZFzsMDKm699-rQ9vrwJk2lHfmtIYnlXSqtayHYePbzL0Z5TY-r5b4vI9dzHvvHqML6V-5IA,921,I,114,84,True,False,False,False
DgQjkAGpDtzimnqFc7FO87vPa1YGjibt7WpEa1Jv2QUL-4Q,CbEc8_0nItPpZl4HECydLnH-SAzV0Ga91f8ICh4_GRxg6x9x3JEtSNet--5mQMaO_mfb1FYcFNCzDg,920,I,216,193,False,False,True,False
G-YbhLztHKW9FYDHwNTTVZyjcw8GAGuAbm33BI-I5V58I-w,T18BjLvCHpQweSZXTSnS5SmemUHNd2yqzv3msySt0MUVBnBLqcmew-_3EtGhuQ5yb4VeUYS-vyMD_A,920,I,132,110,False,False,False,False
yb-KFjcKVU5-kS3-yibolSY_FD5B0pVNDacUjBAxBnUer7c,q29esDZi11yuyr1ECD_mKU8xSc5csq-YbQaaM7kVEMSXA-UftkaR6SFMFQONAqskhAbd0H8QGL35jw,918,I,129,94,False,False,False,False
IralKQ9tQWsagYXex3r5hjAT0Bn6U_iq6uUCy9cQXixf_8I,xMNhFp9WO1sPAr4M-SPZMqnI7_5v-2-3Cqypf1oG_5eiphxAAF3pmZf2kw-0qqd3AhTyw8IeX8tJmQ,914,I,149,123,True,False,False,False
aIpXX1YqiPZths3BQjDcRUbejadCahrnNmD1TsZ_oJZv716t,LHO2yimifMrtCMfTlV2Az-ZD773y26xZ1fEPQuJvrylWUFMhMtVz5Ppa9rFI4C3YO2S1wAVN_DdJQw,913,I,219,208,True,False,False,False
S_rjUIP7Kp5goYTGIu-CcSu5AlCQW6Z6cvvhHMtlSuyuNXI,IVR1CJ3skixnM5ctYiqsLG2PfzPmKSN1HgDkNMIOWYtzQniG2SDaVHIoxD0V5aE8wUCZCTkgJ0ooGA,912,I,133,108,False,False,False,False
UWifQmpRVrHom9iHK22eYTC4Aa2kyV3ysohqb1-A2bQQrJM,KUV0xLeN-Q9mkmXw0rEGBWu3Mr_-qfTCCYjJVjR5FlT-1aMl1WLbkFLEm4QXZn5vDCCeQtgSgI0JHQ,911,I,197,177,False,False,True,True
1gySGjm38K2byJrx847GnVaacjKUgZlzLh6yb1ILMhpQUy4,dDpbzbAIXWDTd-4wBd0f1Qa_42BME_dy1sE8WVN4Xr6N9n9y9Iw0pBPWhxxsQ0RIQ1olC2CpcLLVMw,911,I,89,54,False,False,False,False
lF3xYBGkLwkElU9uy8wRBLFF4DFONjO7ZsZZK33iR6i-dag,hHNqi2pS7iPty145Nqs_Qy2T8k84uTMHQ5fQaxncTBXS8vl47ysdxVIIP8dfvCAWe26tX5bdnOhdCQ,910,I,109,89,False,False,True,False
NDd9BNTS-o9v902U7z7K3mvtyzp1gSN8gdRNNeC3gn1C4Ys,WsFzDbCNAcbfjumH2JIWmndls34_4c6OGZLOqO43TnCDFIDQ6rT8ubBjtpAm02Az8GevqBoPEkEsUA,909,I,191,166,True,False,False,False
NV-yBo7HhJg61lLlra6F1Misi62GJcph6d0oiwgLSZ16TcU,BjrnjCxQ-lf9q9OOYd1M-mW5zp0F0AlRlHt97uz6jyzSlj5wUAIzc5MHlQe407lP8bOJnhu-O2qydw,909,I,162,149,True,False,False,False
gkPAhy2wH5VsPlmoF2lPEGH9Nn6rD3-d7-mPDiC23mBNPVuXnFB3wdCyMQ,hoySY5kGBU6bpJ3Drd-DGxt10HLloUNZCyFfTZ0QkzQUU2GPHCiN4J7dVbjm6LTwlABeHciurNAmQg,909,I,139,96,False,False,False,False
1-fegBnBv9esKyioUJdyy02MKzkNAE9hYW2qok5YodU8EyeApMNHaAPvSQ,ceDPmN70FZjC_UOkdIxxrYHn0JgVZs3q9azZR6pjcn0OG4iTigq_hkKO5QEUyU4CN-LYyVlW8bWkbQ,908,I,165,149,False,False,True,True
hftHVBDOG56wN_S2VmmFqBIIDNoOedpvHse07sQnghdfXAC94v_9fSKrdA,n677B0W1cAHtI1CsB56tinIFntPueIbzBnQ3k-n4T8Z3sUYKTBWI1atRham2EogW-pR56WfA8xBdHg,908,I,138,111,False,False,False,False
jRMVDdkbcBYHBfqaifJZjC_3PdKsJDlWeQM1FqTkKMbVBnAMe1yxwxFSQg,kAE7--A8y_uwZ_c9m3TpAxoL_tr5eYneUmnShaPI0pnhZApntpdtBrlGuJsCB_Gzsdgw3VJlYVUAcg,907,I,219,184,False,False,True,False
mTpbQpn6iWsaoN63TZCdaTZZCyrR-2pPz7q2Zsm5g1_jm3o,t8E05kHxRK-3J6utjDym6HY_agbbVCNaH4GCUmON8KJF4kpqycUeYffcup9Wi2dS1-FQbncG4IrEig,906,I,113,91,False,False,False,False
H46rVC7qRhSrJLyx7wgHUXKdC9be488KTKoR436DJEnXsYg,fS2fb17C827DSrkZP2yBEC2ZZGKhq8yiT2IruDzntvTaNfCFvI7WJh4rYpoLapVcGJ3nXCGDdLcyIg,903,I,282,259,False,False,True,False
mDQXaZoBTAba7M1UiBgWyl7RceJUlHwPmyR_8CrmmHlI_Y6u49i803_nBg,GnONJlFMsrOgGRqxXfQ5EjRke1cjhsK2WfLHE97x5drQ6sccegCpDZYv71dgN9sR-6zKMJSuJA7RYQ,901,I,214,173,False,False,True,True
9et5bltqsKWT7LVaeBx99Gnnxgf4l_3Y6yzOdMLKagZBAK4,GPeSWOzi8wYG_xyT9mhyfxkt8jonKP4xWdcduDbDYXPHEb2euhvaNLq8OU_NyVHC95tmYAycWFg63Q,899,I,78,54,False,False,False,False
pyRHUf9sv2GHVD698V55grq4bXzD0Tr5MdGHrjteJn1evtk,jcDAqy4fDMjvFhiXmifZuVuSPgW6v6qw3vwouQxFny9hkmYJu9Ulc2BR-3yZ8iZmmGluyWJTXaiWjA,898,I,242,216,True,False,False,True
eJOBWrQug-GbAKEKSAAlUFHRYKxu410M3-q--QY4G-GWwEw,pxx7na2YPSZiF_-GxqeNuJN4guMk7WbpIx9WUfxYHT3AKzYXOCzVF7OXgbBbsinouctJKB3tOhF8Aw,895,I,195,165,False,False,False,False
VJ32BlQs0vEP7bqTCLNU02SbJuCMk4LPZX2prLkvhMR6JpM,_B88_ZY5iA9i0nphAlgIVJ2Z72pd9ypT0mPVysed-Rrqdf726RcwGyEhRs7KpxMjVFy2gfiMME7zhA,894,I,126,96,False,False,False,False
XfxoUDaUcHxo8OMp92bnNHun0Sclg93pir7Azck6Doq2aTqC7SddB1d42w,KrL3840uwwF4MyK3q-TAPV7mmAjKKJt7aIq-cwBoCIInR4plQDIBk60PECK_EBBblKFFVhEj7zFomQ,893,I,178,147,False,False,True,True
ubf65-UnZfZ6PPfxU1baRC8PGSv1T5Vuxri1MMWG7rgnZ4U,cvreQbG3YEVbTrY-NGuxjOgFk0uo9mVmSYY3JUp-Xtpuo0wysacTuI6fHnfnU7yblYVC069kPXZXxQ,893,I,129,105,False,False,False,False
NEdbOPfUnh1AS_U7_ey1G41B4RzuK_o6QflW8mMTNbzHBmw4zhHW7BtwrQ,6rLZJyKtGxIwj9pGF41dHeFOiOE-K6jzywaPmMSwNGhdyU6ufjgdkk1fxlKBiLaVbUd4kmRKjhGw3A,891,I,83,51,False,False,False,False
d4rvrats8pJ77iD-WakcBxrR9WlzxVofn4kRN6pKL2ILXkw,BTlSLr_OhGfPsoB6knY4n2OEAZdIbtSR8cFdudb3IaWwtca0vxNGjPB2puW20qCryUuDnpxDeIQDaQ,890,I,223,209,False,False,False,False
GSUpiZnhrA8_tMI9zTBFTOYmJPx3GxYFMyCYjoKDhQz81h587x63hXVfoQ,VDgrPF64CBjrFmotahN3Nro7heNKkHRNP8rgcX0ztmyFc9rlFAGHUIWke9D_CeQjgxkeIR8vQxbScw,890,I,172,152,False,False,True,False
Bq9tTUvGhvZf55bSkXATp3Kbh_9XJ1xPj6OXxmzpZp1Jdjw,h-YFrjFXRyPjD7mgtZeLf7gj1naeIQj25TsVtmMvvyV1OPMM0-_H2iWiKKF0Dfj-2xpy_VpbGLwFGA,890,I,128,95,False,False,False,False
aRLXl8c7O07YKNsOfg_CIC43xhirbpa215qg7gV7BB0PtEc,66XcOIcH1Nqb1rHbgDNpn2xc-xVBnTqGUVdYkZVy3v2Tn0FTkRsdmpuhxp_Z9xvOX8_qIKRFRFtIVA,890,I,78,60,False,False,True,True
-VvrozndL1bgxJFxFZuLXhmPVGM2dym6CnGkJJuLGnS6n_nu6rkTwnwh2g,PiSolmDVk2NMu7VB-4uyGR3hMyt3HSDAkpyZnu_88KH5QO1wxqxqwjaeNI7SqYJv9E4w1f6uE7SZKw,889,I,97,65,False,False,False,False
lpZL23ikha1TSIlHZbhQKIOte7D2MPy-LuDaznTpGaCWxlo,hYwQVCZmuFYl2CrcENk0_xbI8aGZM1pJBrlJmgrp0JLKSjTnGDJnn1mMpUKKRo8ukt4SBpfDllklWA,888,I,232,203,False,False,True,False
JskxtaAyWMaq6ehhvlRvrZ0CSzG63rQPHWSf5QQEs-mDz_c,5FORmoPCQsf3JGLmOW4zhHL2QU1mNcslCu1vXuTHHspcdhNqn0nTxIBeloyr0YrWrih_Qw7YPkHjuQ,886,I,229,210,False,False,True,False
qdFaCA0D_luvLTOHz_cuGvowGYgnOOyWzjTTtVYqWX-8naY8,0M_NOPUMWF7yrMN_D1djoBojXzzy9tMRQSfUyV0J-r-njZlPSpeB5TM98uxUhMYxOytZbWdb69TXqQ,886,I,72,39,False,False,False,False
Bd5oLjpo4iIs7CeNPwUp9nQw3tHtWaIQfnAMXBWdCWUx6TLliQmrFhFk6Q,_TScLGlL9w_Ng7pkEdB_nrtaweHmYIXlh9phWmCeavwRAW_6PbqABLrT9jABDhlkxMCZSoRW6IMoUw,882,I,90,41,False,False,False,True
ZMxf7XdK2vo4hBLYRsoVFY6Ab0H-0x55GUw0PP-rKavn0iY,OvAsr4XMw5aOmLYDXYDLED2VG93z2QbZDZIl6kQloXeTgxoocDM_MAfWJhDe0GP8sH7_TuiI09fx4A,879,I,197,168,False,False,True,False
LOEQjA0rIlOqqCesjuHsuvbFTt69WGlXmwoYk9ccCDNv59k,hhu0U-KnT2567LCJsUiN9EOi1iWQ_PwGWwtyX3HR7ZXQ7Z0b_wXLlaf-RkqyQon24UUMkEqSmrEpFA,879,I,158,121,False,False,False,False
_4A21NnTHjbjT8hqijezKUXKadr5Xgd1i2X-kxcGZMCsXMttZg0vsYTjrw,QqRweN9wUJOQcuErCGuAnoaD4EoXOC9L5jPUxlvCNvXFrUe7J02L75eyb6Qti_BoEds7z5ZjefjAfA,878,I,132,108,False,False,True,False
gTTrD6ylBEZNY8Bx8um1mblhVob0CDKPyFKSa04DqctmwcQ,feShxUPVesu04-9aAY5SQ2s-pGtzuGTrOLezgQ44Z6ybRSsKEbPpRFM56miDPO1mtLG93-V1UwXgVw,878,I,124,98,False,False,True,True
sn8w0GxYBRzQvIvz6uVySyU_m-cyZp7UQHJ5MjsqUNQVZP5kUfEUCoeL4g,cFpABtJH_mx6_xT00NLaEhOpFrWFRG45jaRftzFY9U6dZtzdtaCb-UWiaNt9pWxqA6sZvzF5cZbmvw,877,I,215,191,True,False,False,True
y1bCQKrKCkKj8KM83NPDJxzAW6a6QWYu3HA9lmnJT2eWje0,mHu43LexLSnFUHDJbnG69_wg9MFNAii42PyYE-e6JND6eolWfl1lApCN0X_H7i34YuasW_zt8LnGaA,876,I,176,133,False,False,False,False
szNncd7p8YqaikHb05YodDOrIILSQ2ALS6QT817U7oIFxWY,_1z0Hf0gm-r1IXv3e_89Ctmwm3TwkUXU6z-sg9bJ0yclEF4kLiM0hBuZ1ohP_Rm7QvU4Y0yuhxZLaw,876,I,116,98,False,False,True,True
yez7QJ7F8Zr5DNd8ReH3Se6f3lxX3-CC7Ut6vnM8gh83VsAHE-VF_AZPLw,9dUmS1ac69l3_a2LqlwjCLNDHHGdxzOkA8bpQ80tWMrh25LiqPVsixMLzWUMrx83LfOpVxh0e0u3nw,873,I,93,65,False,False,True,True
YON0UrdRBUJ0Bm1y4kmjmtZEdO5yEjH5GnDxPwgeu30Ar1I,ZbbXMydT-D8EQNR7_wNuqk4-VuE-mqHlmE_vKDvQ3q_7JRG71VGx8oMlQ7-w0s5K5M88dQJq096rJw,872,I,184,161,False,False,False,True
ToFB-3V4Y_T8ONycGDarOb_3Z0zrMZ0sXONFLKI-mj1r1qg,NvSp8nDwTYq5cyU_2y89zgluFV7ybUzm-Q3QZvQRoqlBpMwQtofgKi0yDmj8oKcycQ7dXjQsmyEzZQ,871,I,154,134,False,False,True,False
164yMFv6zZzJ7jrxbVSrHc26p3I8Vz5rRfJvnZCySvqv2Sg,c1sbBpMjgydXZnZZSdj_99ONpPuGrE_eWDVQYz9qzOq54ub0A5Xwp7Dx2-NcOy54L74V9aGtCAKeZQ,871,I,109,89,False,False,True,False
AswacunilSTGVK6xmcQvsR2ZBZvU_kyrYTaNpPWmwR6Xk6s,aoZ7hGi_MKD9NBsAzCkFJrL_Pvsr0KJtGMHm7L_Tcq0_wlm-TR8BsvqnlQzgX_fh1bwjZz6E3uNddQ,870,I,183,144,False,False,True,False
J9CQn5voHw-vObv_P6QcvlgKgwJRkQrX-JMErPymP-mJp1o,0bgcvuJkeXJY8rOSYIaKU1KQTBr6UFKbJWsHFDeFmY6zZI3oNP7fdxqZYc218io3CXWbALh88-MPzA,868,I,250,218,False,False,False,False
9UKllvPRFnwZOwlfe8sMIKjvfKKv24xIGoAL8rbwkbgbeNc,wPA32GgNZfWBhRVT_d9fS3RNI7c5f13Gd8aTqiDp8PrnHP5pxK2ZtUEbYQ-yYIXgUve09hnMrWTEKQ,868,I,142,126,False,False,False,False
mpjcyl9dfHnPSNbzPFB1XghfsIbgpDUFvZr9BcFZ1H9VJxo,3XwaVY1RjRO49lFYJ59PPF4QxtxuppZxk5i8DbdYVM4EyeYhdfSkWdDs6AyA1ImeHJSb_83YybHjjA,868,I,69,39,False,False,False,False
sEobgRJYGw2ZKPFFdaqc9BZDtNp-vXYf8VJj1fyMIRYKPAA,Si-zAIJF8vGMYLtnYHX8q-vACsk7F60xKqbVo0AWLdUY5lbASE-sGShLFbZnu3FeyQyBEaVH5UrYvw,867,I,261,235,False,False,False,False
rzdgBojq_Io1o0qfQ3elVRrkRwfYSGmJ2MbVFsV5n5SpCrH4,JwQ5SBTsF8q0Enf8VyCtpEkavaHDg3rdGrkViGEGSUo8E4Ny1FdeK-x7GnQz9QzrnxcbxhqGh4mZdg,867,I,126,96,False,False,False,False
5y9onDKW02ynrecAbqcTKjtLfSDmgk-gMw-PqBxRV6YvtNWs,H3W1wBvLCPHj6mYiiEVB_fJPNo7q6s-D-LFf-t8yJjY4NjmtrlL_eIGh8wuqdwTIlh-LB-7eo0XI1A,865,I,162,118,False,False,False,False
o8qU5T_HrhlJU3wshNuUUOyiXdEknUx2m4jZLYqWIVr6hbQ,xEQmafYq6BwFrxx_w1EcDeq8CuOs2ZvllHfqmnsQ5Z0XmAxZfVZA8NnEq9S26Vw5e1bovkz7ik4Uug,865,I,138,113,False,False,False,False
37Voy9LfGzfjuiIa0lBTud4pcHWe9SUseBK7j4IQPnAV0JA,2si09GdnIVA7tPS3-BNzGUMLfCen-B36vBagSdKJi9hAbM7vCu1yjE5LE1e7jQobRTkjU8N9TuhKIg,865,I,133,112,False,False,True,True
wy54nHT0k9fcnQc-vdjYBmix_dV5LsbK4x96IHIxoPVHhxE,wJ3n-NV2Ddwg_uFP0i0uXnhTNZhgJnj5s_Hsb9DFmUmvrBbEkeCYoGp-9zUPYOXe1UKwkuIOkciGIA,863,I,100,76,False,False,False,False
TkvLNBpghvKwsW-5BD74qP8nBaMAGSjkbXWDQcQitAXSy3A,kJTIjB7KAvcQBg_AhLDvut1ZqBL5Gkb_27QHFAbJDYbMG4XK7lgVGaRSOY6BoHMPow9a5rq9k9Twvw,862,I,288,240,False,False,True,True
BM34m2K-fn6QV-ptzEP3pAkpbq0XWGporJzf1W8MdgZ5SMWIFLID5ScWHg,clLdWH_xF6INv0Db5SAkuT4KEnKW1-lYS8-sxvGAZLn2pdiRHzqNDYhqm5Y2yE31yY41W00D5qNy6w,862,I,151,124,False,False,True,False
Cko27OCTAhRcNtLSBNKANFA0ZDlyI8_rw2sc6YwlsJmutzs,iqDgfiQHCHq--AGImzyO_ASUKhWsKYz6ir8gFTOtZhKtT5LneAX8k8eCNYILPJmnAnVmjY6Cu33zBQ,862,I,103,79,False,False,True,False
cPHnOwy4fDlaNYQFGvXsjMvZEb1JF43NUB3CbxYYGiyUQ4-Cw-tWtSbp8Q,1C0WtfAm5lM5jmEtOt-MzODDkzau385tva4LAh6evP5nWb8v0NtfV6qZaRA3tlzXcJkrr0ex5S6IKw,862,I,97,65,False,False,False,False
SucawNYXEKBJL_rjLatw4m61dE6F1s-Zd0z5gYPDKpWaT0PrlvVUND_IBA,ocoNcI06kcJUv9goQENAMSUsx-ie6FW4rfxAs4uxIg7U35lTenCmUI8l8IhhIHMcCYjKt7D7889YHA,860,I,91,54,False,False,False,True
AezQpiGRf_JQ2kYWdAl1M3RZaIBGK4q8l-4cyzGrp_XR9q0,cdlWxSW1oDaXfSHN0edAqeMMtmqTeW6GTmetqap6jaNOdsEPSoj9w0NOSZdw7FqC9LAaK56RUD1Pyg,859,I,201,190,True,False,False,False
SrUdT9k20U40mrO4SGyB1cdvlppdGtoDJRBEhmpyNKvqip74,s0s2X9QMztyk0K5Z-_ClXVgezlq9HxNnOtPm2zLWEW_2lyhhGajvlGLbIPdyDrTi8nTj9GaeHMNxrQ,859,I,200,174,True,False,False,False
YYzJX0-SDDxuNg5Cm2itPIjrKeS_2O81mQOvusHr-0jEXU0QnZzTyFhgkA,FFljyzW-QxSPXKNRV5T6QlFMSibYbPs9Ui44Ga5lKv6bo9l1mzVAghqV5_fV4IY4CdwGkabiT27IPQ,859,I,138,119,False,False,True,True
hAqFz2kw1g9OoPR42LarNPVus2_IRukTQO0FgFCgVsNgSZaofLxATriwHw,5UQ9VKXMMBR-v3xQVVv1miXRgr9vFcrG7ZZmfFJ3E7SsZLQ7ZeiklTXUlpTge5NZKHvAmFdBY5kOtQ,859,I,132,68,False,False,True,True
9FtQPQI24FbABvhlkqQwHAB87qVvbrOkHcEE9fv4ZpkfjYZjUzrwDjBabg,yV3hCyhntHzet4seFo3-Hv6SQmpwCnUExis4JD3lLv7eOcnBX-4pOjeupzOQe0Q2khfON-LXDynK1Q,858,I,206,165,False,False,False,False
ZPmrdyo011G-9KvQCv9Na7pFrvlCJM1UTn0KUp0HfYzhBF1G,JigztMJEWslQUcE-wV7R46nQ5_jkQ2uW7s0ka0ut52ibowiqs8BlAIOUZWodtnLG1xA-wA_qIKQzDQ,858,I,173,127,False,False,True,False
SWKFl_xAD9uNWnrOc2b5Q-XSOqQAqWqXrakg_296Twr9fJLzynVgjeUMGg,bo2cCmwKaNesp4m2XIxMpeSUUFQ8KZW9H3njBPJXy4TsGMY3lr1SQ8fdJOJWvS2sb45kgGCX3qxxzQ,858,I,145,90,False,False,True,False
vs7B-Out96ziA9PhjsqCb-Y2QPThjfoUaW8wXOUnS9tb06U,FacxKIwFUkS5gnws8ExGq-Jo8kcERNUNWfk2C9MlTP0fPhGMNQiXFla5nEy7mLaPyLK7krL2i9x2eA,857,I,188,165,False,False,True,True
EEi8GC4199FwsojJv3oNsNMN0SrUo8PK17ohCvcnG_USN2We-YxbYKT9Wg,JCSoXk6nUQYbidr2kCezOws9LEiO8GNDm0kp4sEHz2c9Bi5jMsi9thLu4ch_lmfZqn0gyZVcMabLiw,857,I,148,85,False,False,False,False
ezD3sxYMuB8_OjQdNDaTEl4Zo39-IaVXeKJOunsUgD9YFP0,aHCjKgxdwVmlrSCbF_mgIsoInKdLp_y_J72biSeDGIyZJBYfulJSGyHBrpVV1Lw1X5ixavCgChdMCw,857,I,111,73,False,False,False,False
BumB_sj6dSs9Lb0-v5cpwLXtRcpTw7yRVhxH0k5jPooMZ9I,0O9pzhj7f4ds2I5ynCAZjvSGI5AojmOyKLm1rgOIxAL8JwUeGMA6ht4ToXibObXQzF5PVVFnPStvFw,856,I,191,168,False,False,True,False
_uH2gFFXlnXPGS-zE11blEFxn2VhzDByrlx3wTtoFez8FHA,igHFSBN3y_p2zFaXX1zMdjCO0xNVtHxBih3B8jUFTS5YyGi8Z5KB0BuAwWkwBlmXcNooRlAPKU5zNg,854,I,230,214,False,False,True,False
OiTRcMuG6xHyUGjM_w4KQ9tkHqq0BIaisI5d3mwfzUb683r-2ZYERZOWRw,9XzwxkGffg72JHhfS8THte8HFvdsxpe-wYE9wQjt_C_Xhlevtpc9ufQukOs8W2vp3aVdFbqdac1S-A,854,I,158,84,False,False,True,True
nX4WsiDJ8_ix6ZImQJFKPqb3ZFfZ3Jk2psPFbwaEQpIVS5g,ILXWK23fNg5AizLIlGOdZhyvOGoRBzzpIk3aHPu--AYGFuXwkuyW4C04GUt8ow8VcEbz0wppe0-v8Q,854,I,153,143,True,False,False,False
eSCjSMhRvjNegNgykCRqkaGlb3mFBixyCwGdbl6S-HwFzCc-,s1ub5tcovG3WwF_2DgJkm_8gqnnERC7TJKdP9Gamj61QlZs2RBDc9u96tn2r4s1jNxmfLeNqc97Ljg,854,I,112,88,False,False,False,False
m2nKb9Izzn-qkM63rxE823rEedYjHLJ0wsWOycUMlN29W12KOOtIdWnc6Q,7qV2lAy3vs4R8HE7TQ2nP5s2bMjgPIeximqPcP74TujC-7ej1DWl5J_9OFu82B5uy1pL29hzRfiUZg,853,I,214,176,True,False,False,False
VZgbNm8TdDOkrOFcPgWcwD8LgyZI8CPcfUyWQw8NxfisLJk,oCS1uSGdhna5xq2H3y29CoOlCEAFyGdqErv6OmLLgL5y0vktjUPRKV-bVwaQOCputoxSNbKK488d1w,853,I,96,63,False,False,True,False
MP42RSC04f53xYd3cGDCb9AFBeIx293SoAbO9r5R760LUOfdgJofFCdn7Q,1Dy9ViwcAvsDfcLTpYtFAGUgAmPQxQEKGgUNvVBK7QbRfBXD9SpRX7VxZqlVcM0AXQdWfIBCGUJPPQ,852,I,211,163,False,False,False,False
dnVMF22H7IR4DVm-LLZHJtuP9S-FCzUtFBloER_1-ex-zkk6ZeGsXqpRZw,gXKRcu8a7TlovhdxclMuG1pyXqZAyJISdc2DvMPb4XG-RIoBTPkVcE-il-gHMzksFCkZntN7cwtZJQ,852,I,115,76,False,False,True,True
9LaPgdBt0-zsyxrkl5vobdAm-8WtilDQVQO6XRMl_YsLHnwbTN5-oL5a-w,K_IDRCsVDLBZbBq4SE1m9qoaJN7MJ91EGmtsLqdwjskQwt2PV7cqJTZ3BawtLcRxcBpb4JH9I_5FtA,852,I,105,72,False,False,False,True
1GqR3PEFuPwp0l_R5QA6IvIo2GhqhjSM-KFnDBrqRYx506s,dym4vFGe6Hu6rs-pdCgXK-cBbmkmU08RJD2hF5cvvStliEIk__gVEfenu5pUpIT2PeMg5N3MKLBOJg,850,I,131,90,False,False,True,True
R8LG0sBFcAKrsLtwCLh1Espbwygynz3cQLyK7lIYR2erKdw,VPQYx-76B3KBuZs_SNqvqI0hibH3F81ysRDSCvj-othfvombgUgZlFtDUWeBymvEnW3Mkl3FtyNAqQ,850,I,131,110,False,False,True,False
THN-1qGM5EgnjRl5hlDX3HCpIoGAuljVd0nBG9ERLzH1sBE,xycrk6A34HcEtbycUXAj1_yZ2pLVwVph1YAdNFtfGTBw1oujKI7th8BgELrT9033M3pIohhqAfGoXg,850,I,112,89,False,False,False,False
P9fMwVMTST-1QHNVRIkjVXSkVZG6KkSbOaswCX1Klm0QA-4,oknxDDLTjWwhS_Qn5VZPOulr6uCoYdC4IR5_3X8Fmr793xE-KI2EvZOBb6JYtY3fdCCtuYTFKSg0Hg,849,I,66,44,False,False,False,False
lKYFnJHE5_98OOQB1segbKuX0SDP0-s83nu8ESkpkQhFaOXt2GAvaKhjDw,4smS7regU-s26SMV6I4nTuOdum51JoFX4HA-Q51UC0saMiw_5dJSL_IWa3tPOxvfoX5AkgVMd_au2w,848,I,278,253,False,False,False,False
dikeCXT8nmGMlIZkbXHaF2k2AyQ_QBG8zGpGQYcQYEH_hQf4H27NakRvOw,jZWnQ3zjrsJBPImXRb3DUxGAfDm6t_cd5w_BuhTbsXb1HRpSe8GS1scrIRKF40ikxn9ylOU8LP6-5w,848,I,162,138,False,False,True,False
tTJhokSRh1moqkXRGfkUH6zsbCPiaCDFB4FyyqZPvo2cmts,9IPmx8odAYPv_ei5DDXIyQosvsotUE3jB0Wwuh2gUCCzjRoTm7yDre1jKVau7V7cT0jHNDrt-tajVQ,848,I,94,50,False,False,True,True
yLeIwkmO59jkkIe2Ha7ZIdPQMmKX0GEFyx3yRaBZ17k3Uww,FSQ6Lk50E8O85s__97d81eNRrHuxuNM_OzQj9fJe3jtm78OPuINYz0p43f55QnMvHUTrq9ywlialqQ,847,I,222,200,False,False,True,False
dH5lnQOMwvDHDsPM_CT8tRKp6Zy14-ibTjZxm5m6DGdQNNIxMZ2as3mCvA,2URX4he3GV2VYvQiMFKsZtZwMZZTkuyud2XH74Hxe52m4qiSqSrwlz7pJJ_zTwzyoPN7Bwd49OVETw,846,I,332,314,True,False,False,False
Lmvq6jjbM2E5eiOMBjzfsACGPX21X-oZb56HXBr5JlNKKqk,W7a6n_e0z5q8C2p6yP_xDjA7nS9onidXMwwkrpjRUZeDxt9ry3lEUCBhTsIYwI4SSO-h47VluGzvfQ,842,I,112,96,False,False,True,False
mpjJvSCbCZHsIeB43jvaQIMQ3vJLVnNrZc8tQuTa895GXwKFsPqobwYAJg,CdtqjnLbVwtHxqO8ce8i0JcXHNhBHxfifKPULtwgIVWKHJVBljuYnF4MdRbh1dReLVX2MFpxlk4Ing,837,I,167,109,False,False,True,False
po7AGtc40dQln7tICR8DRyNxLvOsaZMzJFYCYzkBCtF2oV4,H3_1b2CeW_285jw5Izva3S8r7fbkdPhY1FUVYZQJENgNOW2VoueX7APq4bUL1NMOcB3rmaWudV4wXA,835,I,177,146,True,False,False,False
eV76Bv78hQe-ptIe-JW5_KQbRR01-1dJpuZ-92Qhfdb8BZc,BzEHPDmO2RzTMDJGtMLkAWzcD1GgOWkMG0aUZNPkVLpKITj6Go12W03iZSKjexU0a4QUbafwNqmuCw,835,I,167,147,False,False,True,False
l4Th8h_bG7lK-6YhF69k_9RlEERt-e2EAA5W0ZjBk8u6ppcY2Q2byfMpJQ,0zx-7h77xa0u7NFLgboczeZ299mhdAvs4YsBreG3QRqQeVjOZTs7UVcgB9wywYHQVBdKTsQ__QPOUA,835,I,109,75,False,False,True,False
T6iYJ8-aX8oZPkp3x-7lwyD4ouKQowYjymoFEQaz_jobt3az,fvIB2hJRcXQUBRES0UyxgYhQo7uz4tNUB0DtW7vrbLfpJYdSVQ8p8_J_U9n7EeOl-nqtLEKGTcIiQg,834,I,133,122,False,False,True,False
QF7jEo7-V6ANHA28Uz4To71G4BZ6rTgE6SQ2Wdz9v0nDgLOuflA7WUSRPA,lrGgI_jZKZvinfx3aXrAQvrPhyd9U8hnnsYsOnMeUZbdBUU5lg26rsFtYnKsuPtPWiuUcxiGr03VyQ,821,I,215,182,True,False,False,False
4UKTP_MvTkJ8SAxpxHePxTki0JA5qql9BtUfx4a9ciixUg4,5elIe0WM15TuBMZWp6iYQsytiHIHnv4i7yKRfMSiJDVSMv8IfGlO1A9Ln5iqftUeb52fmx95l1xyBg,808,I,87,65,False,False,True,False
